{
"type": "FeatureCollection",
"name": "basin",
"crs": { "type": "name", "properties": { "name": "urn:ogc:def:crs:OGC:1.3:CRS84" } },
"features": [
{ "type": "Feature", "properties": { }, "geometry": { "type": "Polygon", "coordinates": [ [ [ -122.985483385813808, 44.643309345335602 ], [ -122.985377213575745, 44.643050756446016 ], [ -122.986104805470816, 44.64289981937678 ], [ -122.986210980256928, 44.643158407602726 ], [ -122.985483385813808, 44.643309345335602 ] ], [ [ -122.28333158795283, 44.30754732200311 ], [ -122.28343455819433, 44.307806276241983 ], [ -122.283797327807662, 44.307732772748622 ], [ -122.283900300108513, 44.307991726726293 ], [ -122.28426307020888, 44.307918221935715 ], [ -122.283797327807662, 44.307732772748622 ], [ -122.283694356292941, 44.307473818829543 ], [ -122.28333158795283, 44.30754732200311 ], [ -122.282865850644498, 44.307361869699115 ], [ -122.282248058059736, 44.305808143927578 ], [ -122.282610818273554, 44.305734643969927 ], [ -122.282198967179113, 44.304698829238411 ], [ -122.28282151170869, 44.304292876052095 ], [ -122.281017372819477, 44.300741037466764 ], [ -122.281899666385343, 44.30000264431893 ], [ -122.281693762092914, 44.299484741848254 ], [ -122.282213309073725, 44.29881984493182 ], [ -122.284183716229336, 44.297860940551537 ], [ -122.283977801001583, 44.29734304389585 ], [ -122.2844973091984, 44.296678140994565 ], [ -122.286673551179106, 44.296237098105749 ], [ -122.288334909316902, 44.294501302379651 ], [ -122.287560350163389, 44.293539041876784 ], [ -122.288599227908804, 44.292209217393342 ], [ -122.288084404357377, 44.290914508309406 ], [ -122.288706787204731, 44.290508539112423 ], [ -122.288294935472905, 44.289472775680203 ], [ -122.288657601804189, 44.289399261715886 ], [ -122.287059455716204, 44.286365490954232 ], [ -122.288147406546088, 44.286144957636111 ], [ -122.288926475142787, 44.285147601400531 ], [ -122.290014400378098, 44.284927053372421 ], [ -122.290793427551336, 44.283929688700987 ], [ -122.290587504153649, 44.283411817090204 ], [ -122.290950135608711, 44.283338297793833 ], [ -122.288479269444849, 44.277123864173468 ], [ -122.28899857876246, 44.276458971298858 ], [ -122.288846456735982, 44.27509079326471 ], [ -122.290350552793058, 44.273946424016771 ], [ -122.291438293843214, 44.273725869412111 ], [ -122.293663009461213, 44.274393972739723 ], [ -122.294388168551862, 44.274246919128338 ], [ -122.29495667405287, 44.274691246221913 ], [ -122.299979100580813, 44.274512052520066 ], [ -122.300395293423151, 44.273588195356574 ], [ -122.30112042931448, 44.273441105302624 ], [ -122.301639586603557, 44.272776168119719 ], [ -122.301590202680998, 44.271666935837878 ], [ -122.302937435320388, 44.27111382026078 ], [ -122.303094007969136, 44.270522430586176 ], [ -122.304181652720573, 44.270301773366441 ], [ -122.304700756004465, 44.26963682851288 ], [ -122.30578838133971, 44.26941615856024 ], [ -122.307288011836022, 44.270231142691216 ], [ -122.308738178859528, 44.269936885580968 ], [ -122.308635169536657, 44.269677971054847 ], [ -122.315626300484666, 44.268538950911449 ], [ -122.316145278157904, 44.267873963814743 ], [ -122.318526477326856, 44.267950241366947 ], [ -122.322411080701528, 44.266881761313996 ], [ -122.325257826666899, 44.267143216831897 ], [ -122.325463965223889, 44.26766101751371 ], [ -122.326292056436671, 44.267772692436012 ], [ -122.328101141381737, 44.269364140252584 ], [ -122.33032607475343, 44.270031624651629 ], [ -122.331051107742027, 44.269884372581203 ], [ -122.332085433013077, 44.270513806684612 ], [ -122.332810467335378, 44.270366544882961 ], [ -122.334310443256697, 44.271181226033647 ], [ -122.33451666314528, 44.27169901696557 ], [ -122.33627609440012, 44.272181145236956 ], [ -122.338088696101096, 44.271812925070677 ], [ -122.339019986991872, 44.272183414634561 ], [ -122.341195088879289, 44.271741502653697 ], [ -122.341091953001367, 44.271482612312035 ], [ -122.347720224575042, 44.270415555797875 ], [ -122.347617065822021, 44.270156671216391 ], [ -122.351863826167005, 44.269013654049289 ], [ -122.35176065373966, 44.268754773422607 ], [ -122.356576109770984, 44.268055685029104 ], [ -122.359526237374723, 44.268575284683607 ], [ -122.35973264171119, 44.269093033760136 ], [ -122.360664013404815, 44.269463369780247 ], [ -122.361076847988045, 44.270498866512561 ], [ -122.363302142731669, 44.271165801053456 ], [ -122.368324126524001, 44.270984029295853 ], [ -122.372570589781958, 44.269840349375571 ], [ -122.376349123752448, 44.270470960316175 ], [ -122.37971459903163, 44.270066025891332 ], [ -122.380180344790617, 44.270251125116069 ], [ -122.380800055221002, 44.271804282203732 ], [ -122.381162526769629, 44.271730518894117 ], [ -122.381782273186488, 44.27328367610945 ], [ -122.382144751568859, 44.273209909901041 ], [ -122.382764533974637, 44.274763067245075 ], [ -122.383127019190923, 44.274689298137631 ], [ -122.383436924843153, 44.275465876617886 ], [ -122.385196801060999, 44.275947361727575 ], [ -122.386075858721867, 44.277167877266557 ], [ -122.389439925548658, 44.278722258669106 ], [ -122.392961537912228, 44.277725482441753 ], [ -122.394462398303517, 44.27853949765958 ], [ -122.395392578445708, 44.280869173805407 ], [ -122.395133429576362, 44.281201830767799 ], [ -122.396427667723728, 44.281498121792907 ], [ -122.39663439290814, 44.282015827290763 ], [ -122.397566143293361, 44.282385914791149 ], [ -122.397979619597152, 44.283421324363523 ], [ -122.401655760159031, 44.283792381414976 ], [ -122.403622768522027, 44.284791331382195 ], [ -122.405331940919041, 44.284163337208639 ], [ -122.40579785330101, 44.284348352107649 ], [ -122.406004658656812, 44.284866046074605 ], [ -122.406833092088775, 44.284977223650721 ], [ -122.407350135932091, 44.286271456644947 ], [ -122.407712655885817, 44.286197618829732 ], [ -122.408126310243176, 44.287233004970282 ], [ -122.408488834489404, 44.287159164895236 ], [ -122.409885574479645, 44.289673786779943 ], [ -122.410248109851992, 44.289599941543024 ], [ -122.411593768893852, 44.291005322871065 ], [ -122.413923676491422, 44.291930285141952 ], [ -122.415373843891217, 44.291634852972599 ], [ -122.415322586899734, 44.29052562080274 ], [ -122.416047654122039, 44.290377899476432 ], [ -122.415840755342103, 44.28986021526039 ], [ -122.416462363579043, 44.289453649933165 ], [ -122.415634786017918, 44.28738292094981 ], [ -122.416411994280367, 44.286384816838066 ], [ -122.416205104896036, 44.285867137432234 ], [ -122.416826674370938, 44.285460573736124 ], [ -122.416050397051279, 44.284499079649059 ], [ -122.416931009235739, 44.283759816950671 ], [ -122.416724123895165, 44.283242141139603 ], [ -122.417501268710012, 44.282244039146313 ], [ -122.418226242702531, 44.282096308462975 ], [ -122.418744318308569, 44.281430903127479 ], [ -122.42713323278862, 44.278881316367666 ], [ -122.427081793226094, 44.277772117757443 ], [ -122.42759974899036, 44.277106683850391 ], [ -122.428324646114504, 44.276958899714849 ], [ -122.42873910637141, 44.276034637366195 ], [ -122.432984866603249, 44.274889017904293 ], [ -122.434848578149854, 44.275628666827359 ], [ -122.437385593756488, 44.275111268646427 ], [ -122.43728208586424, 44.274852451203749 ], [ -122.438990696387165, 44.274224037623284 ], [ -122.440285207134409, 44.272560347005715 ], [ -122.442822066589954, 44.272042848432953 ], [ -122.444893036489049, 44.2693808923731 ], [ -122.448982813111414, 44.268826331212281 ], [ -122.448879270580818, 44.268567526120449 ], [ -122.451053539813714, 44.268123822040252 ], [ -122.451571186911295, 44.267458307998325 ], [ -122.453745403011197, 44.267014560939785 ], [ -122.453952521233973, 44.267532161962478 ], [ -122.455350320913155, 44.268086672401267 ], [ -122.457162165819625, 44.267716833691985 ], [ -122.457731681391877, 44.268160458828085 ], [ -122.458456417321131, 44.26801251327894 ], [ -122.459129524885498, 44.268714930279756 ], [ -122.460320217552749, 44.268751795049596 ], [ -122.462753621671837, 44.26993465708339 ], [ -122.46347836559832, 44.269786683645656 ], [ -122.465445877546813, 44.270784691070695 ], [ -122.467827343652132, 44.270858297230546 ], [ -122.469225325182762, 44.27141266568367 ], [ -122.46953620092161, 44.272189038133384 ], [ -122.469898577921896, 44.272115033090806 ], [ -122.471814781526845, 44.273963330837375 ], [ -122.472643189477893, 44.27407409628097 ], [ -122.472850473374336, 44.274591675353811 ], [ -122.473782537147628, 44.2749612235271 ], [ -122.475439386538255, 44.275182725235808 ], [ -122.476734698144398, 44.277437794062372 ], [ -122.480877017144891, 44.277991420761069 ], [ -122.484813086356326, 44.279986927527361 ], [ -122.488074675668472, 44.27932046197472 ], [ -122.490146543146324, 44.280576904427825 ], [ -122.490768864416054, 44.282129581190532 ], [ -122.493979299384364, 44.282313370344056 ], [ -122.495015323885241, 44.282941553089564 ], [ -122.497500998197182, 44.283273406837566 ], [ -122.500867917756253, 44.284824989929767 ], [ -122.504337136727941, 44.284675665000471 ], [ -122.50583948590112, 44.285488435172617 ], [ -122.508117717651501, 44.28530255280117 ], [ -122.509153918667792, 44.285930629331155 ], [ -122.514280416143663, 44.286002111091754 ], [ -122.51661155031104, 44.286925265867431 ], [ -122.520235557786563, 44.286183867307926 ], [ -122.521892832642948, 44.286404795716088 ], [ -122.523395430356913, 44.287217370589495 ], [ -122.523653973156911, 44.286884460069736 ], [ -122.52701937929713, 44.286475786873837 ], [ -122.529558460156252, 44.287916224205055 ], [ -122.530959701487447, 44.290429577430615 ], [ -122.532358601780658, 44.290983304730808 ], [ -122.533136600896214, 44.291944132508448 ], [ -122.534327741060224, 44.291980336765526 ], [ -122.537229599925837, 44.293346459343326 ], [ -122.537437435363969, 44.293863958151931 ], [ -122.539094953799051, 44.294084675843372 ], [ -122.541530639094702, 44.295266158265086 ], [ -122.542617901583213, 44.29504354157995 ], [ -122.544120938799608, 44.295855896871409 ], [ -122.551990063747382, 44.293964275339384 ], [ -122.553493189260152, 44.294776522997793 ], [ -122.55370115312428, 44.295293997925846 ], [ -122.554529954903629, 44.29540425840085 ], [ -122.554737928599366, 44.295921732376904 ], [ -122.556499548254706, 44.296400971460201 ], [ -122.556707540028043, 44.296918443419415 ], [ -122.558573204004176, 44.297656392361496 ], [ -122.559298034700163, 44.297507888682532 ], [ -122.561630176492329, 44.298430276683099 ], [ -122.563079837863, 44.29813323165974 ], [ -122.562975815416451, 44.297874499984466 ], [ -122.564321432294122, 44.297318710318642 ], [ -122.565358336966185, 44.297946364659836 ], [ -122.566083155906426, 44.297797823946681 ], [ -122.566861710735566, 44.29875846799893 ], [ -122.568157031676947, 44.299053099152644 ], [ -122.568365120495827, 44.299570555715832 ], [ -122.569193998340737, 44.299680725854905 ], [ -122.569972618826242, 44.300641355433633 ], [ -122.571476107549074, 44.301453411162043 ], [ -122.57287918136916, 44.303966392784858 ], [ -122.573708120252633, 44.304076535812982 ], [ -122.575161531044316, 44.305739030554122 ], [ -122.576457021316628, 44.306033585176216 ], [ -122.576873371576653, 44.307068487449918 ], [ -122.577235817567242, 44.306994184836142 ], [ -122.578589060137745, 44.310357619278157 ], [ -122.580092867360051, 44.311169593939709 ], [ -122.582009295765872, 44.31105674791494 ], [ -122.582579991288469, 44.311499877760419 ], [ -122.586308720512534, 44.311015365960365 ], [ -122.589004153010691, 44.311862970949576 ], [ -122.59345775878262, 44.311229584994017 ], [ -122.59579083669216, 44.312151400513386 ], [ -122.595999176491617, 44.312668827820353 ], [ -122.598590613884539, 44.313257527482079 ], [ -122.598798978438239, 44.313774951588435 ], [ -122.599732266045166, 44.314143646988285 ], [ -122.601390482386719, 44.314363598097813 ], [ -122.604756782364632, 44.313952936204814 ], [ -122.606523811791192, 44.316391247856366 ], [ -122.60792386398316, 44.316944210368717 ], [ -122.612740083057361, 44.316235784208281 ], [ -122.613311022891082, 44.316678787037084 ], [ -122.616935561115866, 44.315934710312909 ], [ -122.618330759160486, 44.314527846036732 ], [ -122.620401123705008, 44.313822636446929 ], [ -122.619984067934865, 44.312787855998508 ], [ -122.624695586670626, 44.311820308867567 ], [ -122.626562399679443, 44.31255732734936 ], [ -122.631015699954531, 44.311922684184125 ], [ -122.633969825408116, 44.312436243448509 ], [ -122.634694648738872, 44.312287324737419 ], [ -122.635210830042254, 44.311621037115067 ], [ -122.636660450650808, 44.311323182781486 ], [ -122.64003194209765, 44.312871333067321 ], [ -122.641843972803045, 44.312498946137154 ], [ -122.642157012201181, 44.313274979549647 ], [ -122.642881826517254, 44.313126016009832 ], [ -122.643661644697289, 44.314086240896401 ], [ -122.648323628168384, 44.313968370536415 ], [ -122.649207910158793, 44.315187238571852 ], [ -122.649570320188303, 44.315112737803318 ], [ -122.650196607066121, 44.316664777168761 ], [ -122.651959439037341, 44.317142773126733 ], [ -122.653046689015454, 44.316919244525401 ], [ -122.653255480198595, 44.317436587233793 ], [ -122.655122758028284, 44.318173213766151 ], [ -122.656468021881352, 44.317616469590064 ], [ -122.659373435290291, 44.318980000228358 ], [ -122.660356264782479, 44.318497743801331 ], [ -122.660509829109358, 44.317905880121131 ], [ -122.664496318831027, 44.317085975056578 ], [ -122.665792413200549, 44.317379667094698 ], [ -122.66641909219949, 44.31893163739592 ], [ -122.666885953880353, 44.319115750794317 ], [ -122.66869800389469, 44.318742993593709 ], [ -122.669269330215016, 44.31918575868719 ], [ -122.670823428454497, 44.319146187402211 ], [ -122.672224061394971, 44.319698476812384 ], [ -122.672433007404663, 44.320215792407303 ], [ -122.673729195943636, 44.320509409084607 ], [ -122.674460569846318, 44.322320009418505 ], [ -122.677101989890687, 44.322056649888502 ], [ -122.677777896686791, 44.322758036941892 ], [ -122.679074156947067, 44.323051603130658 ], [ -122.680168129051779, 44.324787598077229 ], [ -122.680530556352409, 44.324713011561911 ], [ -122.681317791063208, 44.327632797994774 ], [ -122.682718684726723, 44.32818498669787 ], [ -122.683345850918883, 44.329736911977072 ], [ -122.683708301174136, 44.329662316049024 ], [ -122.684697960737381, 44.331139642563336 ], [ -122.685889868750479, 44.331174493291172 ], [ -122.68537403662215, 44.331841004235976 ], [ -122.685583120355943, 44.332358312183267 ], [ -122.687813623790205, 44.333019900404658 ], [ -122.688231838936915, 44.334054511390718 ], [ -122.688594306893521, 44.333979901497344 ], [ -122.689277432635166, 44.336641042812786 ], [ -122.692797627421086, 44.335636217395255 ], [ -122.693006779487135, 44.336153517753075 ], [ -122.697572820665059, 44.33773506692993 ], [ -122.69830501701496, 44.339545600799617 ], [ -122.697942529993952, 44.339620237983389 ], [ -122.698151733597669, 44.340137534533447 ], [ -122.697635953817141, 44.340804105350259 ], [ -122.698360940393314, 44.340654831309912 ], [ -122.699399747561245, 44.341281497010357 ], [ -122.700124735358543, 44.341132213221243 ], [ -122.701526061048256, 44.341684219503897 ], [ -122.703088037146145, 44.343604092721336 ], [ -122.706148727189614, 44.344374730522929 ], [ -122.706462649706154, 44.345150663750317 ], [ -122.707396954060769, 44.345518628119024 ], [ -122.70858912647104, 44.345553276718157 ], [ -122.710207515416798, 44.348582326298789 ], [ -122.709482470160793, 44.348731667280525 ], [ -122.708966736402914, 44.349398293865974 ], [ -122.709232164078543, 44.351024833418748 ], [ -122.708716410415917, 44.351691462212109 ], [ -122.707008354742754, 44.352323437365733 ], [ -122.708417504194102, 44.354835252333373 ], [ -122.710181738887684, 44.355312515120495 ], [ -122.710962995434286, 44.356272429485955 ], [ -122.711792797382245, 44.356381724419109 ], [ -122.712211522599858, 44.357416310251054 ], [ -122.713146027197524, 44.357784243674267 ], [ -122.714353835378731, 44.361738625904003 ], [ -122.713322255617442, 44.363071951804898 ], [ -122.713950445239888, 44.364623845304777 ], [ -122.713072026482152, 44.365365193594947 ], [ -122.713958143143046, 44.366583761215921 ], [ -122.716608909100046, 44.368279516596132 ], [ -122.717237222231986, 44.369831411447322 ], [ -122.719259807685006, 44.369975225232849 ], [ -122.71951770349564, 44.369641877868183 ], [ -122.71920351810671, 44.36886593586916 ], [ -122.719719299304273, 44.368199242633168 ], [ -122.723240681502702, 44.367193546636564 ], [ -122.724175380751845, 44.367561410180777 ], [ -122.724803860456461, 44.369113267020062 ], [ -122.725843348210944, 44.369739763540736 ], [ -122.726262370406531, 44.370774333993978 ], [ -122.730251173153391, 44.369952370253984 ], [ -122.730146402455674, 44.369693731134795 ], [ -122.731492072153344, 44.369136169513979 ], [ -122.731645129975107, 44.368544161738328 ], [ -122.732732941269802, 44.368319958606826 ], [ -122.733514667078879, 44.36927976669611 ], [ -122.735069876015842, 44.369239441371306 ], [ -122.735698620700092, 44.370791252241403 ], [ -122.735336007784625, 44.370865996050284 ], [ -122.735650387118511, 44.371641903233609 ], [ -122.735287769599154, 44.371716647043897 ], [ -122.736907976431695, 44.374745537115558 ], [ -122.73727060836876, 44.374670788423145 ], [ -122.737585027497204, 44.375446697204794 ], [ -122.738415107093033, 44.375555830664382 ], [ -122.739196996823878, 44.376515619909377 ], [ -122.741687290689413, 44.376842975453826 ], [ -122.743050088350913, 44.380205220656862 ], [ -122.742687433176371, 44.380279985942742 ], [ -122.742848953469945, 44.381647927323485 ], [ -122.743316454708591, 44.38183179664459 ], [ -122.74538757287975, 44.381124545266815 ], [ -122.747047898948722, 44.381342712412369 ], [ -122.749376752730498, 44.380301991196774 ], [ -122.749949124944507, 44.380744466552393 ], [ -122.751867234873913, 44.380629159076108 ], [ -122.752439626110274, 44.381071624036828 ], [ -122.754615506006431, 44.380622857707976 ], [ -122.754672384969453, 44.381732159272474 ], [ -122.753641294209999, 44.383065852908651 ], [ -122.753907926011578, 44.384692417446864 ], [ -122.75473814512587, 44.384801451325913 ], [ -122.755520372694761, 44.38576116332441 ], [ -122.756971049270206, 44.385461953200974 ], [ -122.757906183525066, 44.385829594114419 ], [ -122.759003188399205, 44.387565167463407 ], [ -122.761179233315488, 44.38711628786217 ], [ -122.761074318047235, 44.386857663800171 ], [ -122.762420074029677, 44.386299769831048 ], [ -122.76257290042571, 44.385707705325018 ], [ -122.76495871648649, 44.385776009846538 ], [ -122.77103758028386, 44.388165200758429 ], [ -122.771772284312433, 44.389975520437645 ], [ -122.771514568211387, 44.390308983071208 ], [ -122.773537879713345, 44.390451979000609 ], [ -122.775045797593194, 44.391261884775624 ], [ -122.777794497700924, 44.391255105215151 ], [ -122.77883481487612, 44.39188121719414 ], [ -122.781373539512302, 44.391357138396003 ], [ -122.78225154772268, 44.390615299674657 ], [ -122.784427536514102, 44.390166037606896 ], [ -122.784942838005264, 44.389499062339148 ], [ -122.793646405296187, 44.387701631884397 ], [ -122.793751446170063, 44.387960230745279 ], [ -122.797272755392797, 44.386952536767744 ], [ -122.797377808943267, 44.387211132364591 ], [ -122.80100409154241, 44.386461936482668 ], [ -122.801576852785274, 44.386904195715623 ], [ -122.802302103149955, 44.386754341583647 ], [ -122.80308502674788, 44.387713778190374 ], [ -122.803447654995622, 44.387638847381048 ], [ -122.80376289193201, 44.388414620853055 ], [ -122.804125523180446, 44.388339688089232 ], [ -122.804545855393101, 44.389374052212858 ], [ -122.805481301613099, 44.389741362246944 ], [ -122.805901663214314, 44.390775725130858 ], [ -122.806264304732565, 44.390700786176716 ], [ -122.808366330596286, 44.395872607803653 ], [ -122.80919677418494, 44.395981304935674 ], [ -122.809512115753364, 44.396757078368573 ], [ -122.810552810419011, 44.397382949946348 ], [ -122.810142820552258, 44.398308626782949 ], [ -122.811441098532299, 44.398600950126678 ], [ -122.81165135070033, 44.399118131659783 ], [ -122.814142824596701, 44.399444148420585 ], [ -122.814926062485895, 44.400403540974317 ], [ -122.818200898517333, 44.401688873298497 ], [ -122.820271841327056, 44.400980428791414 ], [ -122.821149548279521, 44.400238318893919 ], [ -122.822705414983488, 44.400196967978808 ], [ -122.822600244638409, 44.399938385318549 ], [ -122.824050928153923, 44.399638436142801 ], [ -122.823945753540997, 44.399379854847325 ], [ -122.827209733081091, 44.398704915106357 ], [ -122.827104547862675, 44.398446336810068 ], [ -122.828192522789877, 44.39822134032746 ], [ -122.828765560873123, 44.398663493584664 ], [ -122.829958729468061, 44.398697059563652 ], [ -122.834415775718625, 44.398055499578263 ], [ -122.836907319991482, 44.398381090077109 ], [ -122.838252680024084, 44.397822417011646 ], [ -122.838404869746384, 44.397230251433676 ], [ -122.839855425301224, 44.396930131952828 ], [ -122.840007599013063, 44.39633796565316 ], [ -122.847727992555349, 44.395020635847587 ], [ -122.849026369574915, 44.395312591052758 ], [ -122.849552697629179, 44.396605388072096 ], [ -122.849915322032373, 44.39653032943184 ], [ -122.850699032672679, 44.397489505842522 ], [ -122.854910250008146, 44.399140921563131 ], [ -122.860197646490619, 44.398606906568212 ], [ -122.861601463104321, 44.399157293873117 ], [ -122.862326711721266, 44.399007109252288 ], [ -122.862853322237868, 44.400299863754412 ], [ -122.863683907358208, 44.400408222378729 ], [ -122.86442121920642, 44.402218076896226 ], [ -122.86478385717264, 44.40214297691918 ], [ -122.865205200982231, 44.403177179447653 ], [ -122.865567843212716, 44.403102077186411 ], [ -122.866878578049253, 44.405353927089521 ], [ -122.868645242144638, 44.40582914075808 ], [ -122.868855953374464, 44.406346239808244 ], [ -122.868130640670813, 44.406496462271029 ], [ -122.867464072350359, 44.407755993989838 ], [ -122.866738741468382, 44.407906209324054 ], [ -122.866949444606902, 44.408423313645081 ], [ -122.86581480858743, 44.409499396075475 ], [ -122.86602550962877, 44.410016503588928 ], [ -122.865042818938235, 44.410500369282197 ], [ -122.865253517200202, 44.411017479104309 ], [ -122.864890832251504, 44.411092581759675 ], [ -122.868600769315037, 44.415371033880469 ], [ -122.86989962630004, 44.415662798212779 ], [ -122.870110377691972, 44.416179905974815 ], [ -122.869338375385141, 44.417180918127833 ], [ -122.868612947744865, 44.417331146639192 ], [ -122.86882369450538, 44.417848258251738 ], [ -122.868460976943609, 44.417923371700162 ], [ -122.869362776287502, 44.421101166543593 ], [ -122.872382302696693, 44.422718897281108 ], [ -122.875237674317518, 44.422968663163182 ], [ -122.875448489191115, 44.423485770444572 ], [ -122.876384790744538, 44.42385260899097 ], [ -122.878046584533024, 44.424069163169371 ], [ -122.878257424275077, 44.424586267209015 ], [ -122.877637355653505, 44.424995099358298 ], [ -122.877801708044089, 44.426363004229827 ], [ -122.877287040780288, 44.427030389940569 ], [ -122.878235860357549, 44.429357379875981 ], [ -122.879535027050593, 44.429649058931339 ], [ -122.88042497868679, 44.430866681723813 ], [ -122.883023400015873, 44.431449986554227 ], [ -122.883234300731033, 44.431967090776752 ], [ -122.884170761697945, 44.432333881209374 ], [ -122.884487131246757, 44.433109536355602 ], [ -122.883035998749136, 44.433410164432729 ], [ -122.881420406742038, 44.43234285548629 ], [ -122.87851813449727, 44.432944028317316 ], [ -122.877944481630053, 44.432502057129334 ], [ -122.867891568259594, 44.43486419076077 ], [ -122.864567526536334, 44.43443079877062 ], [ -122.860681930470008, 44.43551546649028 ], [ -122.858294266793621, 44.43544886874794 ], [ -122.856585496677198, 44.436082872390664 ], [ -122.8567962099509, 44.436600023470788 ], [ -122.85591842243393, 44.437342424909019 ], [ -122.855871651704661, 44.438193237670646 ], [ -122.855145969122901, 44.438343399560083 ], [ -122.854736340890256, 44.439269293340978 ], [ -122.853390293470738, 44.439828181570036 ], [ -122.853600993997986, 44.440345341794199 ], [ -122.852465611026446, 44.441421383030388 ], [ -122.852781659867304, 44.442197128260005 ], [ -122.851751581391696, 44.443531750081775 ], [ -122.852594398844474, 44.445600418945226 ], [ -122.852336869167345, 44.44593407683525 ], [ -122.851611095794894, 44.446084221947928 ], [ -122.849913637515172, 44.44867839840223 ], [ -122.846752814389802, 44.449612555887796 ], [ -122.846858154126735, 44.449871146570175 ], [ -122.846132326409602, 44.450021263119396 ], [ -122.846085423959948, 44.450872095278903 ], [ -122.845359583800615, 44.451022207941243 ], [ -122.845570257823738, 44.451539393110515 ], [ -122.844797489581097, 44.452540337896799 ], [ -122.843708697028632, 44.45276549570935 ], [ -122.844282298060108, 44.453207633113621 ], [ -122.845371095814599, 44.452982470407491 ], [ -122.846108490630556, 44.454792626985181 ], [ -122.847045066099412, 44.455159695856921 ], [ -122.84773564285355, 44.457820696817777 ], [ -122.847220440111386, 44.458488010858694 ], [ -122.847688755149179, 44.45867154361602 ], [ -122.848426273890638, 44.460481709231765 ], [ -122.848789241678332, 44.460406643537198 ], [ -122.848999971101179, 44.460923833586165 ], [ -122.85045184435927, 44.460623558427415 ], [ -122.851025555998788, 44.461065674203098 ], [ -122.853414115932978, 44.461132405708526 ], [ -122.854350818707047, 44.461499428218708 ], [ -122.854561594015266, 44.462016610680898 ], [ -122.855392923037158, 44.462125035100442 ], [ -122.855709102069341, 44.462900807442793 ], [ -122.857582591587772, 44.463634816696242 ], [ -122.857067441661798, 44.464302177007816 ], [ -122.857278246448303, 44.464819358256847 ], [ -122.856400098327839, 44.465561807275435 ], [ -122.856716304951689, 44.466337582896145 ], [ -122.856201125920094, 44.467004943695962 ], [ -122.857255191051337, 44.469590874000311 ], [ -122.85829744677801, 44.470216468951421 ], [ -122.858719115199875, 44.471250840806178 ], [ -122.861424329537471, 44.472093209942543 ], [ -122.861951491414018, 44.473386167717464 ], [ -122.862782971895371, 44.473494548701247 ], [ -122.862993848974583, 44.474011731029442 ], [ -122.862373235414381, 44.474420534999872 ], [ -122.862900433539679, 44.475713495431705 ], [ -122.863263466945511, 44.475638387919354 ], [ -122.864153730509159, 44.476856238057145 ], [ -122.863790691559743, 44.476931348186774 ], [ -122.864634292836413, 44.479000087688831 ], [ -122.863861493020039, 44.480001201346674 ], [ -122.864131155700079, 44.4816278772416 ], [ -122.862585458318236, 44.483630107606139 ], [ -122.86326490027561, 44.484330789504334 ], [ -122.860992929770276, 44.486483230446289 ], [ -122.861203833639735, 44.487000429923427 ], [ -122.859294817868744, 44.489077749168054 ], [ -122.859505716846556, 44.489594954193841 ], [ -122.85899038828363, 44.490262358839843 ], [ -122.858264154296236, 44.490412554317913 ], [ -122.858850078717865, 44.492815092005131 ], [ -122.859213208354731, 44.492739992774233 ], [ -122.859529574213411, 44.493515806664945 ], [ -122.860829891948683, 44.493807707746996 ], [ -122.861146281331429, 44.494583519575109 ], [ -122.86208348904772, 44.494950513942044 ], [ -122.862505369454809, 44.495984928396062 ], [ -122.863337128484517, 44.496093311152357 ], [ -122.863548080218962, 44.49661051754218 ], [ -122.865996708768094, 44.497786555402563 ], [ -122.868070091878678, 44.497077223933786 ], [ -122.869944661634904, 44.497811113031013 ], [ -122.871397233318504, 44.497510586280718 ], [ -122.871971394516734, 44.49795264671009 ], [ -122.873318444605673, 44.497393501815147 ], [ -122.87374051197088, 44.49842788614756 ], [ -122.874572319013993, 44.498536199443116 ], [ -122.874888888047593, 44.499311986524994 ], [ -122.875252034742289, 44.499236842606464 ], [ -122.876037294130128, 44.50019607869276 ], [ -122.878275188697742, 44.500854708363946 ], [ -122.879833333761923, 44.500812681657223 ], [ -122.880770729075067, 44.501179549664606 ], [ -122.880981829907654, 44.501696734114915 ], [ -122.883008702232459, 44.501838101347374 ], [ -122.884520411965738, 44.502646958731603 ], [ -122.885246718947656, 44.502496616429347 ], [ -122.885457858097837, 44.503013795257175 ], [ -122.887379201274967, 44.502896506990787 ], [ -122.887590357970851, 44.503413682887626 ], [ -122.888316666361106, 44.503263323631685 ], [ -122.888527831366432, 44.503780498451498 ], [ -122.889934060516396, 44.504330709990448 ], [ -122.890673207081051, 44.506140818084624 ], [ -122.890310040464769, 44.506216005076119 ], [ -122.890626825858035, 44.506991767570327 ], [ -122.890263654623098, 44.507066954572707 ], [ -122.890217267614801, 44.507917905604714 ], [ -122.891049217681527, 44.508026118398845 ], [ -122.892046012763757, 44.509502455165737 ], [ -122.893346777926112, 44.509794049361041 ], [ -122.893874843564888, 44.51108698505174 ], [ -122.894918077049567, 44.511712349280323 ], [ -122.89393411591783, 44.512196532497605 ], [ -122.893524571440167, 44.513122691014622 ], [ -122.892798168787436, 44.513273081789535 ], [ -122.894263910113381, 44.514932813338682 ], [ -122.893900700295461, 44.51500801151802 ], [ -122.89442881721456, 44.516300959478279 ], [ -122.894065600235308, 44.516376158327141 ], [ -122.894851325282943, 44.517335318925575 ], [ -122.894124880350347, 44.517485718280369 ], [ -122.895016250118914, 44.518703471395597 ], [ -122.894653020894509, 44.518778672230809 ], [ -122.89518118162529, 44.520071627681645 ], [ -122.894665972905742, 44.520739213632716 ], [ -122.894982876253593, 44.521514989959492 ], [ -122.894256386733204, 44.521665391380239 ], [ -122.89446765458537, 44.522182577215403 ], [ -122.892030524272457, 44.522967551356736 ], [ -122.891257627662895, 44.523968917887366 ], [ -122.892254662207378, 44.525445303623762 ], [ -122.891891393714715, 44.525520498033799 ], [ -122.892208287642489, 44.526296288919845 ], [ -122.891845014528599, 44.526371483341286 ], [ -122.892161911910833, 44.527147275757237 ], [ -122.891798634175629, 44.527222470190111 ], [ -122.892115535012408, 44.527998264136201 ], [ -122.89247881656145, 44.527923068715502 ], [ -122.892795728480706, 44.528698862216274 ], [ -122.893779937795657, 44.528214670226362 ], [ -122.894717788458607, 44.5285814618355 ], [ -122.895926271720398, 44.530575029236395 ], [ -122.897333118071984, 44.531125194465488 ], [ -122.898330390698348, 44.532601557553264 ], [ -122.897967090529008, 44.532676769654046 ], [ -122.898706761821174, 44.534486943454041 ], [ -122.898343451944129, 44.534562156884363 ], [ -122.89855479132757, 44.535079350601123 ], [ -122.901718892480929, 44.534143794723917 ], [ -122.904169543274833, 44.535319226785205 ], [ -122.906349375938873, 44.534867835701462 ], [ -122.906983590291475, 44.536419380574948 ], [ -122.905530341235576, 44.536720319778432 ], [ -122.9053784254871, 44.537312737541434 ], [ -122.904651789408007, 44.53746320065013 ], [ -122.905332207902759, 44.538163749130675 ], [ -122.904968885644806, 44.53823898118543 ], [ -122.9052397692451, 44.539865776944602 ], [ -122.903436313994774, 44.542202558690846 ], [ -122.901150533239559, 44.542395310376165 ], [ -122.900998566381489, 44.54298773040437 ], [ -122.899545149566336, 44.543288608725014 ], [ -122.900542649833824, 44.54476499399469 ], [ -122.901996093937882, 44.544464103857877 ], [ -122.902934214484404, 44.544830850588632 ], [ -122.903370240404286, 44.547825901546332 ], [ -122.904096990673111, 44.547675442048131 ], [ -122.904308415034592, 44.548192641284537 ], [ -122.903581659678338, 44.54834310210137 ], [ -122.903172028431399, 44.549269362278139 ], [ -122.905048425765585, 44.550002840525401 ], [ -122.905577029113687, 44.551295841806493 ], [ -122.90428865010702, 44.552965017350743 ], [ -122.903561843419965, 44.553115479611407 ], [ -122.903621311562148, 44.554225123165025 ], [ -122.902075124223103, 44.556228123091394 ], [ -122.903271109414561, 44.556261043832393 ], [ -122.904315126733991, 44.556886395455216 ], [ -122.905874546678191, 44.556844059618044 ], [ -122.907387759634375, 44.557652753691215 ], [ -122.908114606574358, 44.557502269131959 ], [ -122.911035395916826, 44.558860992739881 ], [ -122.91192761566127, 44.56007874152435 ], [ -122.912291047521975, 44.560003486984321 ], [ -122.913771794541731, 44.563623892436219 ], [ -122.914135243404417, 44.563548632300162 ], [ -122.914921801337911, 44.564507772303429 ], [ -122.916117939220754, 44.564540578586374 ], [ -122.917387402049926, 44.567643776654201 ], [ -122.916402787868165, 44.568128183911192 ], [ -122.916356687986479, 44.568979256001832 ], [ -122.915993212404629, 44.569054523068566 ], [ -122.916687666745545, 44.571715816531366 ], [ -122.916324176820396, 44.571791084945446 ], [ -122.916641568003726, 44.572566895342426 ], [ -122.916278073451622, 44.572642163770048 ], [ -122.917170569496193, 44.573859913896918 ], [ -122.922590733740932, 44.575542598849793 ], [ -122.922802386735313, 44.576059800003073 ], [ -122.924104565162764, 44.576351136270219 ], [ -122.924422067037298, 44.577126935856192 ], [ -122.926193624998533, 44.577601560883252 ], [ -122.926405312002103, 44.578118758640016 ], [ -122.927707545613401, 44.57841006108815 ], [ -122.928025098503781, 44.579185855579205 ], [ -122.929327359649363, 44.579477142912538 ], [ -122.93011431845126, 44.580436226578449 ], [ -122.930841359742843, 44.580285610896738 ], [ -122.931158957406183, 44.581061401099312 ], [ -122.931991873146629, 44.581169375724038 ], [ -122.932415361457743, 44.582203761123388 ], [ -122.931688303043771, 44.582354385999025 ], [ -122.932005920145969, 44.583130177676395 ], [ -122.931384722298006, 44.583539398636717 ], [ -122.931596467611982, 44.584056594840433 ], [ -122.929521083628615, 44.584767046371397 ], [ -122.927459572043531, 44.587438287557148 ], [ -122.926474741716405, 44.587922789886242 ], [ -122.927004051483991, 44.589215812640482 ], [ -122.929139516716191, 44.589615110672078 ], [ -122.929351263883632, 44.590132317270822 ], [ -122.931380889150361, 44.590272976719994 ], [ -122.932168002780955, 44.591232070808537 ], [ -122.933106936114598, 44.591598642710068 ], [ -122.932849247747015, 44.591932560629417 ], [ -122.933166923182142, 44.592708365715112 ], [ -122.933999985651838, 44.592816330556026 ], [ -122.934847182649293, 44.594885142039061 ], [ -122.935786181259388, 44.595251698029443 ], [ -122.936527550345289, 44.597061907556586 ], [ -122.937466588309732, 44.597428453476866 ], [ -122.938737649145921, 44.600531670406404 ], [ -122.938222257385476, 44.601199540712486 ], [ -122.937495007561907, 44.601350203422186 ], [ -122.937706855438904, 44.601867410003798 ], [ -122.939902890786499, 44.603376293755801 ], [ -122.940796218405822, 44.604593967441907 ], [ -122.942099024192913, 44.604885146386252 ], [ -122.943628135599596, 44.607654419837758 ], [ -122.949521305971345, 44.609519389532061 ], [ -122.953006168003043, 44.609358260712298 ], [ -122.952960501018794, 44.610209421753304 ], [ -122.952596844465276, 44.610284795184 ], [ -122.95312682921957, 44.611577777457597 ], [ -122.95349049213992, 44.611502402371755 ], [ -122.953914499639481, 44.612536787984183 ], [ -122.954641833233609, 44.612386032232571 ], [ -122.954384172018734, 44.612720006824311 ], [ -122.954808200838045, 44.613754392354934 ], [ -122.954080852886889, 44.613905149462973 ], [ -122.954247212871635, 44.615273514829362 ], [ -122.953004488079884, 44.616092218427582 ], [ -122.953488860430511, 44.618236391667303 ], [ -122.952973479438626, 44.618904344700361 ], [ -122.954821417713688, 44.622449382557903 ], [ -122.955912573909927, 44.622223235155197 ], [ -122.956700407972079, 44.623182251602628 ], [ -122.956185021003677, 44.623850224253395 ], [ -122.956972877904107, 44.624809242513265 ], [ -122.955684367082583, 44.626479180827332 ], [ -122.956123258792772, 44.629474591154718 ], [ -122.95575950206937, 44.629549976370953 ], [ -122.956077617483103, 44.630325790746838 ], [ -122.955713856125854, 44.630401175979621 ], [ -122.956880327803518, 44.63324583715638 ], [ -122.956516551619245, 44.633321225056541 ], [ -122.957728732543558, 44.635314686410169 ], [ -122.957364946165754, 44.635390076961414 ], [ -122.957789162925224, 44.636424504418741 ], [ -122.958516745062738, 44.636273719687537 ], [ -122.958728863411309, 44.636790932466894 ], [ -122.959926302388027, 44.636823351539881 ], [ -122.961911821206016, 44.637814776400084 ], [ -122.963836865441408, 44.637696352879296 ], [ -122.96404902898901, 44.638213558832646 ], [ -122.965246495733524, 44.63824593035384 ], [ -122.965458671799567, 44.638763134694514 ], [ -122.966913848958527, 44.638461476291745 ], [ -122.968323520247907, 44.639011022245569 ], [ -122.969778689952733, 44.638709332495758 ], [ -122.971355158698273, 44.640627268651102 ], [ -122.972188873113566, 44.64073500667714 ], [ -122.972507229888805, 44.641510800996485 ], [ -122.972871032324392, 44.641435368226325 ], [ -122.972825593976452, 44.642286595880819 ], [ -122.973659331216368, 44.642394325130084 ], [ -122.974341522429697, 44.643094681731085 ], [ -122.97699430676694, 44.642825190389694 ], [ -122.978040344421387, 44.643450083466306 ], [ -122.979859369796799, 44.643072832951518 ], [ -122.981269242623668, 44.643622247966732 ], [ -122.985483385813808, 44.643309345335602 ], [ -122.985225759149785, 44.64364340202011 ], [ -122.985756630227698, 44.644936349382043 ], [ -122.986590420787934, 44.645043998618966 ], [ -122.986802781631852, 44.645561176801301 ], [ -122.987636581571905, 44.645668819662134 ], [ -122.987848952390124, 44.646185996893649 ], [ -122.988682761709981, 44.646293633378221 ], [ -122.989471341770368, 44.64725250728452 ], [ -122.990411364718227, 44.647618721331185 ], [ -122.991866621165258, 44.647316785456916 ], [ -122.992912865955375, 44.647941568339107 ], [ -122.996505828316458, 44.64803787717441 ], [ -122.997552127186353, 44.648662624745398 ], [ -122.999841228138607, 44.648468177869219 ], [ -122.998962260579987, 44.649211859931057 ], [ -122.999812154807117, 44.651280514522298 ], [ -123.000175979354808, 44.651205005831699 ], [ -123.000388463594206, 44.651722169443708 ], [ -123.000024636498324, 44.651797678798438 ], [ -123.000343365136217, 44.652573425684096 ], [ -123.007288508175151, 44.655060757658354 ], [ -123.00797117601752, 44.655760962145365 ], [ -123.010411749018616, 44.654973644378771 ], [ -123.010988158628606, 44.65541525720537 ], [ -123.012443491039548, 44.655113092190383 ], [ -123.012594732346543, 44.65452040084336 ], [ -123.014777686374828, 44.654067122123145 ], [ -123.015717941350871, 44.654433163731134 ], [ -123.015673034293982, 44.655284430215332 ], [ -123.015051680008213, 44.655694104755376 ], [ -123.015264292276569, 44.656211249836673 ], [ -123.014642926984763, 44.656620923314321 ], [ -123.015068154353102, 44.657655217141539 ], [ -123.01455308172946, 44.658323465353632 ], [ -123.013461538836523, 44.658550109404729 ], [ -123.01331029611238, 44.659142806997679 ], [ -123.011961180134918, 44.659703561320029 ], [ -123.011826302989462, 44.662257391414144 ], [ -123.011204861212164, 44.662667054379128 ], [ -123.012541896140291, 44.666879880584411 ], [ -123.010268545384065, 44.669035715026808 ], [ -123.008085077195432, 44.669488935099842 ], [ -123.009724668829818, 44.672516432091456 ], [ -123.008436552538257, 44.674187054116707 ], [ -123.009393367434697, 44.676514351337751 ], [ -123.009757317235483, 44.676438812369447 ], [ -123.011397152621313, 44.679466335400463 ], [ -123.010775549846272, 44.679876011955194 ], [ -123.010836892142819, 44.680985914872011 ], [ -123.010215271978154, 44.681395590201603 ], [ -123.010746918483051, 44.682688546029908 ], [ -123.011581215100676, 44.682796048375195 ], [ -123.012370546739888, 44.68375486447362 ], [ -123.01403917415513, 44.683969844240622 ], [ -123.014251867714094, 44.684487023251023 ], [ -123.015343827297727, 44.684260359750773 ], [ -123.016754848949219, 44.684809450455148 ], [ -123.017605736530697, 44.68687815460077 ], [ -123.017969733011157, 44.686802591551988 ], [ -123.018395201457267, 44.687836943821964 ], [ -123.019335946387557, 44.688202987315073 ], [ -123.020063948946273, 44.688051850379821 ], [ -123.020215197139834, 44.687459107256075 ], [ -123.021307184770876, 44.687232393583194 ], [ -123.021200806236152, 44.686973808082342 ], [ -123.023748739927925, 44.686444777620181 ], [ -123.024538287025806, 44.687403529664572 ], [ -123.026419841617553, 44.688135523225547 ], [ -123.029438176492718, 44.687789377261232 ], [ -123.030227820112273, 44.688748098581847 ], [ -123.029863826865366, 44.688823695310788 ], [ -123.030076656942683, 44.689340854717443 ], [ -123.031381482875858, 44.689631217263809 ], [ -123.032171175636293, 44.690589931029749 ], [ -123.033005603996088, 44.690697301628681 ], [ -123.033537760240776, 44.691990193500011 ], [ -123.032658597286527, 44.692734168595585 ], [ -123.030368089919349, 44.692929196372134 ], [ -123.028928908690105, 44.695192855281583 ], [ -123.028200848970712, 44.695344042855375 ], [ -123.02742799986396, 44.696346574279218 ], [ -123.027702470044332, 44.697973683181303 ], [ -123.026610330132812, 44.698200454464299 ], [ -123.026201478424909, 44.69912739554622 ], [ -123.022348098755259, 44.699366043223257 ], [ -123.021468716411221, 44.700109956964496 ], [ -123.021681517752967, 44.700627142685839 ], [ -123.02090851133066, 44.701629648214663 ], [ -123.021227715314197, 44.702405430850135 ], [ -123.019832913503578, 44.703817678133767 ], [ -123.02062260819973, 44.704776490280118 ], [ -123.020107230970865, 44.705444829635738 ], [ -123.020700785329865, 44.707847779750828 ], [ -123.018622533438304, 44.708559809046236 ], [ -123.018152019761544, 44.708376777302419 ], [ -123.018790435518909, 44.709928379595013 ], [ -123.019837900183077, 44.710553038347022 ], [ -123.020263546988616, 44.71158743926842 ], [ -123.019535291002512, 44.711738585195299 ], [ -123.019748114193874, 44.712255787374396 ], [ -123.018291582227775, 44.712558070155289 ], [ -123.018033853636112, 44.712892241256704 ], [ -123.018353077844026, 44.713668050197668 ], [ -123.017624795128512, 44.713819186427656 ], [ -123.017731202276451, 44.714077790202985 ], [ -123.011904802713559, 44.715286744512234 ], [ -123.012011190257084, 44.715545353681293 ], [ -123.010918713272261, 44.715772005734124 ], [ -123.009781206597253, 44.716850029664087 ], [ -123.008582323777759, 44.716818051477709 ], [ -123.008537285186236, 44.717669433295953 ], [ -123.007551136716103, 44.718154672280598 ], [ -123.00739970848818, 44.718747441543549 ], [ -123.005942981114018, 44.719049594284556 ], [ -123.005366060973245, 44.718607897395543 ], [ -123.004273512096049, 44.7188344967456 ], [ -123.004379875988263, 44.719093114026585 ], [ -123.002816768846927, 44.719136615515538 ], [ -123.002301105611608, 44.719804907653177 ], [ -123.002088392331288, 44.719287669030351 ], [ -123.0002062331654, 44.718555282522246 ], [ -122.998749477736837, 44.718857356829844 ], [ -122.997611724668843, 44.71993528472558 ], [ -122.993347619831638, 44.721100005950341 ], [ -122.992467634596011, 44.721843765042017 ], [ -122.990540240052596, 44.721962622951288 ], [ -122.989492869540044, 44.721337718995272 ], [ -122.986321208168263, 44.722275739452961 ], [ -122.984226554961708, 44.721025857307268 ], [ -122.983027610111108, 44.72099364988339 ], [ -122.982815040811701, 44.720476379264909 ], [ -122.981100223232602, 44.721112371614147 ], [ -122.978520654157265, 44.724453418625352 ], [ -122.975970930967037, 44.724981632222701 ], [ -122.974923648528616, 44.724356610041326 ], [ -122.971690903135396, 44.724184261415864 ], [ -122.970279425008329, 44.723634647288648 ], [ -122.96533168402766, 44.724097981290157 ], [ -122.965286094891923, 44.724949362293493 ], [ -122.963206731916642, 44.725660557894521 ], [ -122.962796842905078, 44.726587361709193 ], [ -122.962068296442936, 44.726738199902066 ], [ -122.961294105335199, 44.727740419129773 ], [ -122.961506532534813, 44.728257732308393 ], [ -122.960990390499674, 44.728925878810408 ], [ -122.960261814750609, 44.729076707957837 ], [ -122.958971394022385, 44.730747063407833 ], [ -122.95913814132814, 44.732115776288566 ], [ -122.957058492704334, 44.732826887755415 ], [ -122.957164697666599, 44.733085550614021 ], [ -122.955601236125943, 44.733128501957729 ], [ -122.955449317905121, 44.733721232170566 ], [ -122.95071310024089, 44.734701366082781 ], [ -122.949938649092658, 44.735703537459763 ], [ -122.950151014296182, 44.736220877868782 ], [ -122.948602037410609, 44.738225218699704 ], [ -122.949922058284457, 44.74047788840204 ], [ -122.950863165485416, 44.740844456327906 ], [ -122.950240629662829, 44.741253907447266 ], [ -122.9503010317395, 44.742363989640751 ], [ -122.949936659763736, 44.742439377876096 ], [ -122.950361435803885, 44.743474074567608 ], [ -122.948812298632021, 44.745478450392156 ], [ -122.949237076562895, 44.746513157698665 ], [ -122.951848254556751, 44.747095521267042 ], [ -122.95216687934365, 44.747871547236407 ], [ -122.954049334661107, 44.74860465735442 ], [ -122.955142534256893, 44.748378453001827 ], [ -122.956554406770195, 44.748928257202344 ], [ -122.958118233886253, 44.748885293202356 ], [ -122.958330703316363, 44.749402635909689 ], [ -122.959271980713808, 44.749769152048906 ], [ -122.960942071643899, 44.749984825875465 ], [ -122.960425757774615, 44.750653002704773 ], [ -122.960744498038352, 44.751429014448462 ], [ -122.960228171158306, 44.752097192681099 ], [ -122.96044066688664, 44.752614535768004 ], [ -122.95955990772471, 44.753358130882155 ], [ -122.95978729312499, 44.755837023819304 ], [ -122.959270923021592, 44.756505204972768 ], [ -122.959483425294565, 44.757022554699397 ], [ -122.959118984398785, 44.757097970408083 ], [ -122.959331487373859, 44.757615321064733 ], [ -122.958967043105517, 44.757690736460276 ], [ -122.959179546782707, 44.758208088047063 ], [ -122.958556901189169, 44.758617593791115 ], [ -122.961639341718822, 44.759383044299874 ], [ -122.961851871224312, 44.759900393612476 ], [ -122.960242114066872, 44.760794849943508 ], [ -122.959209296728616, 44.762131229658443 ], [ -122.960059394393227, 44.764200656709562 ], [ -122.964189910976458, 44.765591253500162 ], [ -122.964979537738486, 44.766550526453344 ], [ -122.96649816558751, 44.76735892468934 ], [ -122.966817054676724, 44.768134951108706 ], [ -122.967181546603385, 44.768059512574226 ], [ -122.967606748587542, 44.769094214061028 ], [ -122.970689770652129, 44.769859474250765 ], [ -122.971008719796089, 44.770635495056062 ], [ -122.958873462517715, 44.772866123132594 ], [ -122.95897973749922, 44.773124807799242 ], [ -122.956792554410143, 44.77357729552476 ], [ -122.956640555538542, 44.774170080915432 ], [ -122.955182403677028, 44.774471718557656 ], [ -122.953405468957968, 44.773997271333769 ], [ -122.950489130728442, 44.774600460261325 ], [ -122.949562152373204, 44.776195500197311 ], [ -122.947481043345306, 44.776906533233507 ], [ -122.946295626027933, 44.778835642859136 ], [ -122.943014434915128, 44.779514059205425 ], [ -122.941980989450514, 44.78085036234485 ], [ -122.942193435784489, 44.781367767862442 ], [ -122.941570473187923, 44.781777215960233 ], [ -122.941782919292095, 44.782294623211179 ], [ -122.941007788768317, 44.783296850096761 ], [ -122.939913975639755, 44.783522956787458 ], [ -122.93897233229923, 44.783156276700012 ], [ -122.938820155175804, 44.783749054660525 ], [ -122.938090937458099, 44.783899781677228 ], [ -122.937513907105114, 44.783457728068178 ], [ -122.933655395665085, 44.783693865862837 ], [ -122.933761590961439, 44.783952576850808 ], [ -122.933032359736529, 44.784103276394788 ], [ -122.93324474765285, 44.784620699903854 ], [ -122.93189245524151, 44.785180803086547 ], [ -122.931680075937848, 44.784663376778781 ], [ -122.930950832374066, 44.784814065231402 ], [ -122.928232199340698, 44.783972529152678 ], [ -122.924479786458747, 44.784467118470062 ], [ -122.924585947767895, 44.784725837183707 ], [ -122.923856687677215, 44.784876487031724 ], [ -122.922656636524536, 44.784843734076105 ], [ -122.921608918698425, 44.784218210727452 ], [ -122.919208843175028, 44.784152653884796 ], [ -122.917385672307205, 44.784529197474399 ], [ -122.917597941496496, 44.785046646285814 ], [ -122.913586865743028, 44.78587496327512 ], [ -122.911126942060235, 44.784699054210712 ], [ -122.910397652197062, 44.78484963076626 ], [ -122.910609868768773, 44.785367091025705 ], [ -122.909774464394118, 44.78525893416387 ], [ -122.90994034772892, 44.786627875825261 ], [ -122.909164694128108, 44.787629928170745 ], [ -122.905411937930211, 44.78812398734869 ], [ -122.905365548802905, 44.788975470217217 ], [ -122.904589800207035, 44.789977501383433 ], [ -122.902872477472087, 44.790612590279117 ], [ -122.902096672989188, 44.791614610713843 ], [ -122.900273204808158, 44.791990927704099 ], [ -122.900120667510777, 44.79258367347601 ], [ -122.898920490748225, 44.792550707275936 ], [ -122.897779898328011, 44.793627964138999 ], [ -122.895426029486131, 44.792710490652269 ], [ -122.893343840096492, 44.793420708793121 ], [ -122.893131730695472, 44.792903211767133 ], [ -122.891931551665877, 44.792870182923046 ], [ -122.890883994227423, 44.792244407911426 ], [ -122.889060446445214, 44.792620572793574 ], [ -122.888118952753089, 44.792253527682234 ], [ -122.885307265243384, 44.793114074244208 ], [ -122.884730502199019, 44.792671784088412 ], [ -122.884001067173116, 44.792822219618266 ], [ -122.883789031364728, 44.792304708501035 ], [ -122.88258886757211, 44.792271595992496 ], [ -122.882376844334644, 44.791754083284147 ], [ -122.88143539912889, 44.791386991915886 ], [ -122.8802352528282, 44.791353858387978 ], [ -122.878258940838506, 44.792322598052657 ], [ -122.878364937140475, 44.792581357964487 ], [ -122.876541310416641, 44.7929573526986 ], [ -122.875493894479533, 44.792331457212633 ], [ -122.868716786970325, 44.793167246097852 ], [ -122.867257831505171, 44.793467939160664 ], [ -122.866481464912056, 44.7944697597163 ], [ -122.863563464660317, 44.795071083233189 ], [ -122.862363261585372, 44.795037789299052 ], [ -122.861786632616727, 44.79459539843937 ], [ -122.860327615343749, 44.794896016990812 ], [ -122.859751000944826, 44.794453617510307 ], [ -122.857197701665811, 44.794979650710481 ], [ -122.85698586481783, 44.794462094660211 ], [ -122.855573851557452, 44.793911184199807 ], [ -122.854114821393409, 44.794211734615899 ], [ -122.852702836836613, 44.793660794203781 ], [ -122.845619269231051, 44.795680807369244 ], [ -122.84483100028794, 44.794720768224224 ], [ -122.840124692220186, 44.79288391667432 ], [ -122.838665615439552, 44.793184298113424 ], [ -122.83772438835598, 44.792816898375115 ], [ -122.834547256484868, 44.793751470861821 ], [ -122.832405885737927, 44.793350479496894 ], [ -122.830581982130909, 44.793725849140792 ], [ -122.83042882824779, 44.794318517716107 ], [ -122.827616318814435, 44.795177857173655 ], [ -122.825263351311236, 44.794259147765672 ], [ -122.821403831327416, 44.794492057247822 ], [ -122.819215034015471, 44.794942319270156 ], [ -122.818696971675664, 44.795610016396722 ], [ -122.814319239077761, 44.796510418949396 ], [ -122.813483851531913, 44.796401658813018 ], [ -122.8132723458112, 44.795884032022343 ], [ -122.811813084526335, 44.796184122991555 ], [ -122.811035862897782, 44.797185628178688 ], [ -122.809470823518922, 44.797226878519275 ], [ -122.809682304264896, 44.797744512884876 ], [ -122.808952647121984, 44.797894541408304 ], [ -122.803364046992556, 44.79679905552247 ], [ -122.797680119813592, 44.797406260103436 ], [ -122.79470348907337, 44.796895798709031 ], [ -122.791784744477496, 44.797495561748342 ], [ -122.790843712800182, 44.797127829051973 ], [ -122.784429933629795, 44.797884397769785 ], [ -122.78291280423349, 44.797073880365332 ], [ -122.778736112153183, 44.796529047901984 ], [ -122.778006399340086, 44.796678907444658 ], [ -122.778323256711786, 44.797455432600202 ], [ -122.777699151133277, 44.797864132726389 ], [ -122.777756762446998, 44.798974432473869 ], [ -122.776354865716968, 44.800384442518293 ], [ -122.776566102082398, 44.800902132833905 ], [ -122.773973346909642, 44.804239828461505 ], [ -122.770218679114819, 44.804730117773431 ], [ -122.769959369001327, 44.805063879068101 ], [ -122.767558701882479, 44.804995601582696 ], [ -122.765571121742312, 44.804000921300201 ], [ -122.763381643157658, 44.804450280606773 ], [ -122.761710838591014, 44.804232115939151 ], [ -122.761499705872765, 44.803714398300492 ], [ -122.759675127553834, 44.804088811149178 ], [ -122.758734179051743, 44.803720847415185 ], [ -122.758523070794524, 44.803203125685378 ], [ -122.757639425172457, 44.803945475472482 ], [ -122.756804037086013, 44.803836360047818 ], [ -122.752165546347499, 44.805068483281097 ], [ -122.750868516701857, 44.806737113789175 ], [ -122.751079577237462, 44.807254851726441 ], [ -122.750349686864425, 44.807404564243768 ], [ -122.74993637472015, 44.808330884234358 ], [ -122.748947041584969, 44.808814314342037 ], [ -122.746229717886763, 44.807969039606853 ], [ -122.743569518462962, 44.808234049051364 ], [ -122.743310062933233, 44.808567761402237 ], [ -122.741898684272016, 44.808015635427481 ], [ -122.739238465987142, 44.808280558903348 ], [ -122.739343953602884, 44.808539437902567 ], [ -122.738614023262329, 44.808689086919145 ], [ -122.735377847612241, 44.808510996996105 ], [ -122.732458072823661, 44.809109483033978 ], [ -122.731152228303955, 44.808816127674575 ], [ -122.729327343430526, 44.809190131512295 ], [ -122.726934697101413, 44.811082937225933 ], [ -122.723179306484354, 44.811571915738902 ], [ -122.7193105399882, 44.809840077192412 ], [ -122.717485561708529, 44.8102139206011 ], [ -122.716601372317399, 44.810956011432197 ], [ -122.714516738819583, 44.811663477802668 ], [ -122.712959024957811, 44.813665426054655 ], [ -122.713015583310309, 44.814775793161289 ], [ -122.712236679689511, 44.815776766759491 ], [ -122.709211000233537, 44.816115851084184 ], [ -122.709316384776088, 44.816374758316854 ], [ -122.707856217888576, 44.816673730531868 ], [ -122.707961598099317, 44.816932639158125 ], [ -122.705665943270219, 44.817122159399304 ], [ -122.704627218284472, 44.818456740503493 ], [ -122.704837960283513, 44.818974565001639 ], [ -122.703328754205415, 44.820124961250549 ], [ -122.700197478441268, 44.820204931037921 ], [ -122.696644825715879, 44.819249151421978 ], [ -122.692888760551128, 44.819737289950808 ], [ -122.692313033612322, 44.819294145444815 ], [ -122.690382332313192, 44.819408705136098 ], [ -122.685530956282761, 44.820120715262703 ], [ -122.684225102839378, 44.819826895206603 ], [ -122.677288311179808, 44.821245585543544 ], [ -122.674571385803944, 44.82039883376487 ], [ -122.6697197715622, 44.821110273034435 ], [ -122.669825012200661, 44.821369214243681 ], [ -122.667114562101091, 44.822484176878412 ], [ -122.666074991161807, 44.823818475275267 ], [ -122.662788803358254, 44.824490091687764 ], [ -122.658295784496971, 44.823164625759411 ], [ -122.658085387013983, 44.822646723190651 ], [ -122.656204092516433, 44.821909331731966 ], [ -122.655993715024991, 44.821391427357312 ], [ -122.651501036374086, 44.820065742942845 ], [ -122.65004053333972, 44.820364087555333 ], [ -122.646853709726656, 44.819332403075315 ], [ -122.642837282411392, 44.820152672273885 ], [ -122.642261881085162, 44.819709312359024 ], [ -122.639860823886409, 44.819638744331854 ], [ -122.635739184566702, 44.820199837145296 ], [ -122.634328444456116, 44.819646563707437 ], [ -122.632663066062975, 44.821388644773876 ], [ -122.632192816908997, 44.821204210573889 ], [ -122.625359861556561, 44.822879188463133 ], [ -122.624424529013126, 44.824472142660255 ], [ -122.623694171466283, 44.824621170856673 ], [ -122.622393585725817, 44.826288630083951 ], [ -122.622708788770183, 44.827065574485076 ], [ -122.619587103128111, 44.83106746536059 ], [ -122.615879899208224, 44.830701995866683 ], [ -122.613323331228884, 44.831223421750089 ], [ -122.613428370938649, 44.831482413166597 ], [ -122.611602220294614, 44.831854832396004 ], [ -122.611707254373982, 44.832113825533902 ], [ -122.603566917696696, 44.833493185128894 ], [ -122.598604231951853, 44.831981150003237 ], [ -122.594897091669523, 44.831615099313424 ], [ -122.593436087993638, 44.831912834734467 ], [ -122.592495660183943, 44.831543680629686 ], [ -122.590304136238387, 44.831990238521527 ], [ -122.586752423289724, 44.831031520227555 ], [ -122.58445594919182, 44.831218969651907 ], [ -122.584560877947823, 44.83147798367991 ], [ -122.583099831587944, 44.831775606323326 ], [ -122.582318802407272, 44.832775862420419 ], [ -122.581588261820087, 44.832924663926164 ], [ -122.581432829326062, 44.833517098494092 ], [ -122.579656983095475, 44.833037631630681 ], [ -122.576474387380557, 44.833966164374026 ], [ -122.57657928973542, 44.834225186271411 ], [ -122.572926412622564, 44.834969000501026 ], [ -122.57005471172404, 44.834712529671648 ], [ -122.56571840926263, 44.832791508187938 ], [ -122.561906559723241, 44.832165514923602 ], [ -122.553609520224228, 44.834134252624878 ], [ -122.553714334950712, 44.834393292511265 ], [ -122.55126195298314, 44.83517257899431 ], [ -122.551366760300397, 44.835431621329533 ], [ -122.546617557726108, 44.836397669916394 ], [ -122.542910457469858, 44.836030177530418 ], [ -122.540089863366376, 44.834921622461849 ], [ -122.536331795740722, 44.835405389103805 ], [ -122.536436546025428, 44.83566444324898 ], [ -122.53534053511774, 44.835887270310828 ], [ -122.534765707085768, 44.835443433177069 ], [ -122.530537500042954, 44.835742254142303 ], [ -122.528761957564328, 44.835262110512659 ], [ -122.528082460938919, 44.83455918570445 ], [ -122.527351781376908, 44.83470769214221 ], [ -122.525941628393525, 44.834153259634483 ], [ -122.52181815580451, 44.834710866338874 ], [ -122.521243426875813, 44.834266972401771 ], [ -122.519051342827481, 44.834712367757263 ], [ -122.518530002903773, 44.835378960872482 ], [ -122.517799293405105, 44.835527415506789 ], [ -122.516754555568426, 44.834898658567994 ], [ -122.515188467673255, 44.834936473830446 ], [ -122.513778409988873, 44.834381913056994 ], [ -122.512994421057797, 44.833419842494777 ], [ -122.511898369177658, 44.833642476705485 ], [ -122.511376966776268, 44.834309040368616 ], [ -122.507358001855664, 44.835125275685215 ], [ -122.506313367682182, 44.834496437933993 ], [ -122.503911928470714, 44.834423431464209 ], [ -122.501458969826714, 44.835201806577452 ], [ -122.501302827667899, 44.835794151075234 ], [ -122.50057207572749, 44.835942511921978 ], [ -122.499789773510869, 44.836942296171252 ], [ -122.496971285182312, 44.83779477073233 ], [ -122.496293509251743, 44.839053625684208 ], [ -122.495197310570347, 44.83927612616236 ], [ -122.49467569937255, 44.839942633399403 ], [ -122.491282437432972, 44.840350977684167 ], [ -122.491126193881868, 44.840943317277258 ], [ -122.486845734117523, 44.842092197519342 ], [ -122.486950304525536, 44.842351294258535 ], [ -122.486219449878163, 44.84249957906448 ], [ -122.484339485088881, 44.84175974245003 ], [ -122.484130366991408, 44.841241545669135 ], [ -122.483399518175574, 44.841389814723087 ], [ -122.482355010509181, 44.840760781261068 ], [ -122.480893312277757, 44.841057295747326 ], [ -122.480371545808353, 44.84172375001652 ], [ -122.478909817959448, 44.842020243522995 ], [ -122.479014357739871, 44.842279346410216 ], [ -122.476090853129691, 44.842872288831273 ], [ -122.474785475264966, 44.842576413069061 ], [ -122.473323704341496, 44.842872846231231 ], [ -122.473167297068656, 44.843465168287238 ], [ -122.469930812610443, 44.845242625522516 ], [ -122.468886987664533, 44.846575460415501 ], [ -122.464449295827023, 44.848315963584653 ], [ -122.462622301975827, 44.850648363641618 ], [ -122.462831283835058, 44.851166605099351 ], [ -122.461421717011433, 44.852573478744993 ], [ -122.461578652625136, 44.853943169976034 ], [ -122.460691073397655, 44.854683643027975 ], [ -122.46063901731074, 44.855535091384006 ], [ -122.45912449438228, 44.854720804835964 ], [ -122.458706568857338, 44.853684302229127 ], [ -122.456252138071704, 44.852499869807495 ], [ -122.456043202685208, 44.851981616514621 ], [ -122.453693336767017, 44.851056267761543 ], [ -122.451604709506327, 44.851759705012839 ], [ -122.450664868977455, 44.853351548551899 ], [ -122.449568287082784, 44.853573683065363 ], [ -122.448680580724798, 44.854314075963771 ], [ -122.449098355901768, 44.855350611315238 ], [ -122.448053962202593, 44.856683314732237 ], [ -122.4489417425916, 44.857904951671671 ], [ -122.448576189496819, 44.857978993566356 ], [ -122.448889535515619, 44.858756401734432 ], [ -122.447583965769113, 44.860422291320042 ], [ -122.445390544232524, 44.860866508269126 ], [ -122.441682651853128, 44.860496195428546 ], [ -122.439802674180626, 44.859755703757422 ], [ -122.439071527015955, 44.859903737348134 ], [ -122.43719159457936, 44.859163210066136 ], [ -122.436982785165185, 44.858644919174957 ], [ -122.435781672375029, 44.858607798128659 ], [ -122.434267380879049, 44.857793225050536 ], [ -122.425702877327609, 44.85812526845762 ], [ -122.423143801723697, 44.858643097720162 ], [ -122.422986916634585, 44.859235382487043 ], [ -122.422255738177512, 44.85938332419002 ], [ -122.422047042993285, 44.858865009780629 ], [ -122.421211522687969, 44.858753788479298 ], [ -122.420898496092164, 44.857976315656018 ], [ -122.419227484076899, 44.85775385401071 ], [ -122.416303696918717, 44.856383481600524 ], [ -122.414737054067544, 44.856420124828986 ], [ -122.411447837756995, 44.855123598833323 ], [ -122.411030643290786, 44.854086946766159 ], [ -122.409621043044424, 44.853531266170862 ], [ -122.403980327760181, 44.855232428827598 ], [ -122.403457690788329, 44.855898605039741 ], [ -122.403666233760163, 44.856416944858793 ], [ -122.400480113290683, 44.857341345986043 ], [ -122.402408427918814, 44.863117086622601 ], [ -122.401885714227689, 44.863783268730764 ], [ -122.402094269513128, 44.864301620352393 ], [ -122.401728630256656, 44.864375535577366 ], [ -122.401884379529932, 44.865745333428869 ], [ -122.401100266749111, 44.866744609161628 ], [ -122.401621668792544, 44.868040500611812 ], [ -122.401098909113557, 44.868706687169784 ], [ -122.399374855158698, 44.869335424558805 ], [ -122.398852063208267, 44.870001604334632 ], [ -122.399060614401378, 44.870519968064492 ], [ -122.397440766147355, 44.871407865547319 ], [ -122.397649310833401, 44.871926233144599 ], [ -122.397022209943572, 44.872333225513636 ], [ -122.397073608220239, 44.873443868570327 ], [ -122.396707913824656, 44.873517771652068 ], [ -122.397020733396431, 44.874295328632172 ], [ -122.396497879663059, 44.874961506810294 ], [ -122.396706428095527, 44.875479880101942 ], [ -122.396340722242414, 44.875553782527632 ], [ -122.396549271299207, 44.876072156768586 ], [ -122.395660685676603, 44.876812236610604 ], [ -122.395607790345935, 44.877663702700225 ], [ -122.393987724757025, 44.878551573027508 ], [ -122.392212029073264, 44.878069573651231 ], [ -122.388711977986702, 44.878216164385577 ], [ -122.385996395437175, 44.877363454376628 ], [ -122.382130635064954, 44.87758374664962 ], [ -122.380878079776352, 44.876435472840427 ], [ -122.378632599672315, 44.875767955728641 ], [ -122.377275938874376, 44.874360452839035 ], [ -122.375970385545585, 44.874063593469621 ], [ -122.37508371598318, 44.872841428396903 ], [ -122.373674019917701, 44.872285345959384 ], [ -122.37346565863858, 44.871766940661814 ], [ -122.37252588257293, 44.871396210177892 ], [ -122.369757562750934, 44.871394629357532 ], [ -122.367042495228645, 44.870541548874847 ], [ -122.365945358115582, 44.870763007966303 ], [ -122.365371349640725, 44.870318409542222 ], [ -122.364274210668057, 44.870539854845916 ], [ -122.361924959187789, 44.869612858437833 ], [ -122.360357979316817, 44.869648867259158 ], [ -122.358948471652909, 44.869092634084161 ], [ -122.357645724642254, 44.866833522100627 ], [ -122.356810212028265, 44.866721897414074 ], [ -122.356601997742558, 44.866203472533549 ], [ -122.355870598027664, 44.866351054490181 ], [ -122.355189898357807, 44.867609276647372 ], [ -122.353831157314431, 44.868163637811584 ], [ -122.353673640612655, 44.868755854224879 ], [ -122.35294220676748, 44.868903421070073 ], [ -122.352418959007679, 44.869569419059182 ], [ -122.352627151502517, 44.870087854436534 ], [ -122.352261426602126, 44.870161635722553 ], [ -122.352573717473206, 44.870939290321829 ], [ -122.352050450254396, 44.871605289982945 ], [ -122.351318981910495, 44.871752848937497 ], [ -122.349853185062045, 44.874010056098314 ], [ -122.347762762700683, 44.874711911873938 ], [ -122.347081827066631, 44.875970116995973 ], [ -122.345095393228505, 44.876931160366738 ], [ -122.345199472266259, 44.877190388083662 ], [ -122.341384072574272, 44.878520181269735 ], [ -122.341175940560561, 44.878001718403446 ], [ -122.337625360093767, 44.877036299371738 ], [ -122.335276248899746, 44.876108822252462 ], [ -122.334598361068387, 44.875404852145039 ], [ -122.332091627230469, 44.875069525093949 ], [ -122.331779553700457, 44.874291815436685 ], [ -122.331413783144583, 44.874365540566984 ], [ -122.329541516586346, 44.869699290624226 ], [ -122.329803255355998, 44.869366336308282 ], [ -122.329437509383496, 44.869440055214433 ], [ -122.329125492578328, 44.868662349425719 ], [ -122.327088775851593, 44.868512450831211 ], [ -122.326307057799809, 44.867549214891902 ], [ -122.325105848048779, 44.867511101498991 ], [ -122.322287527868042, 44.866397885408553 ], [ -122.321297964424232, 44.864916148005292 ], [ -122.320512666111895, 44.865914950177739 ], [ -122.318318229718344, 44.866357093275695 ], [ -122.317794659443379, 44.867022952211016 ], [ -122.316435622578126, 44.867576933619922 ], [ -122.315858127557959, 44.869094204652527 ], [ -122.311938666440255, 44.870163888807745 ], [ -122.311153168162321, 44.871162648172138 ], [ -122.31005583736858, 44.871383650217403 ], [ -122.309636080961212, 44.872308736957116 ], [ -122.30853872651825, 44.872529727167539 ], [ -122.308642658054197, 44.872788980620193 ], [ -122.305508492419676, 44.872859735038766 ], [ -122.301222846226565, 44.874002768584916 ], [ -122.300649237503308, 44.873557889876885 ], [ -122.298612436213816, 44.873407557029545 ], [ -122.296263988983867, 44.872479404268411 ], [ -122.296056222960217, 44.871960878619731 ], [ -122.294904664971085, 44.873033174349651 ], [ -122.293441443951451, 44.873327665727523 ], [ -122.293545318606533, 44.873586931353934 ], [ -122.289783335426264, 44.874063825183953 ], [ -122.2898871971354, 44.874323094082136 ], [ -122.288423926157577, 44.874617531577421 ], [ -122.28836967691899, 44.875468950532508 ], [ -122.288003852491897, 44.875542557438216 ], [ -122.288315426308856, 44.876320371129978 ], [ -122.287949597198008, 44.876393978031572 ], [ -122.288468896411345, 44.877690337298944 ], [ -122.28810306002697, 44.877763944850827 ], [ -122.288464257199308, 44.879652462078582 ], [ -122.28663501396467, 44.880020491576929 ], [ -122.284128347475999, 44.879684264350985 ], [ -122.284232196082669, 44.879943540975724 ], [ -122.280677464021863, 44.880938740329867 ], [ -122.280781301277571, 44.881198020374377 ], [ -122.279683707361428, 44.881418778930659 ], [ -122.278793767618666, 44.882158092852293 ], [ -122.278947057329759, 44.883528088289466 ], [ -122.276642964267907, 44.885672435557801 ], [ -122.276954453730085, 44.886450293751984 ], [ -122.276588557174861, 44.886523871370869 ], [ -122.277419220558158, 44.888598165774845 ], [ -122.277053312840408, 44.888671745025398 ], [ -122.277468658540556, 44.889708895320076 ], [ -122.276682421056364, 44.890707497529952 ], [ -122.277147208590847, 44.892855391544373 ], [ -122.276098831421493, 44.894186867778551 ], [ -122.275366951562646, 44.894334019982317 ], [ -122.275208683569019, 44.894926179631497 ], [ -122.272122807112126, 44.896106903973909 ], [ -122.270915966923383, 44.898030509726382 ], [ -122.267780586967291, 44.898100386339721 ], [ -122.265584755654501, 44.89854169892152 ], [ -122.265688561935875, 44.898801001156926 ], [ -122.263022916078341, 44.899056518732479 ], [ -122.260045892775892, 44.898534063706208 ], [ -122.258215981323417, 44.898901721500529 ], [ -122.257691563679103, 44.899567395404119 ], [ -122.25439763498953, 44.900229105442371 ], [ -122.253354357219607, 44.899598204053319 ], [ -122.251420626785517, 44.899706457564555 ], [ -122.250847128236018, 44.899261339547373 ], [ -122.247504195285458, 44.898812114377002 ], [ -122.247192988877444, 44.898034165669138 ], [ -122.245887551291744, 44.897736023776993 ], [ -122.242239572638894, 44.894546520053467 ], [ -122.240934224600267, 44.894248332348099 ], [ -122.240049741123684, 44.893025218798144 ], [ -122.236603504730041, 44.892316410056196 ], [ -122.23618877238502, 44.891279127072067 ], [ -122.235822805082989, 44.891352594276519 ], [ -122.233895513503057, 44.889498417132586 ], [ -122.233529553376599, 44.889571877778131 ], [ -122.233218551108536, 44.888793913214968 ], [ -122.232852594072128, 44.888867371894129 ], [ -122.23259656812904, 44.887237986103791 ], [ -122.232962516590263, 44.887164528398714 ], [ -122.23228558741711, 44.886460023555472 ], [ -122.224558504087568, 44.884929487695217 ], [ -122.223778062456788, 44.883965618194964 ], [ -122.222942560018865, 44.883853154973238 ], [ -122.221802798735624, 44.881000569049185 ], [ -122.220863729895171, 44.880628768163433 ], [ -122.218302230149874, 44.881142712560269 ], [ -122.217777556336557, 44.881808203140743 ], [ -122.218295546391545, 44.883104849944949 ], [ -122.216624583978174, 44.882879850455964 ], [ -122.214794861030171, 44.883246902586791 ], [ -122.212916748457829, 44.88250319256835 ], [ -122.212240075843056, 44.881798594111125 ], [ -122.208269939412887, 44.881754542450771 ], [ -122.205818898817299, 44.88056545227446 ], [ -122.203519693807365, 44.880746393014221 ], [ -122.202007718375881, 44.879929157354724 ], [ -122.201275831799208, 44.880075900394324 ], [ -122.19986742177872, 44.87951798229809 ], [ -122.20212556068951, 44.876264259670727 ], [ -122.204321081040831, 44.875824008659244 ], [ -122.204845841189538, 44.875158579882445 ], [ -122.206309488730312, 44.874865054204783 ], [ -122.206205947946899, 44.874605720346359 ], [ -122.208504936121173, 44.874424736103528 ], [ -122.208297839799343, 44.873906072376066 ], [ -122.208663742314982, 44.873832683226873 ], [ -122.207476484401425, 44.869869334404903 ], [ -122.207842365883607, 44.869795948176829 ], [ -122.207531751596477, 44.86901795942476 ], [ -122.207897628393923, 44.86894457318914 ], [ -122.207690553597075, 44.868425915044831 ], [ -122.208056427005644, 44.868352528475519 ], [ -122.207849352806136, 44.867833871280581 ], [ -122.208215222825942, 44.867760484377555 ], [ -122.20800814922373, 44.867241828131874 ], [ -122.208636343491946, 44.866835725313194 ], [ -122.20832573368493, 44.866057743680862 ], [ -122.208691593538774, 44.865984355776696 ], [ -122.208277453107243, 44.864947049276729 ], [ -122.207338682717676, 44.86457516738043 ], [ -122.202009637964323, 44.865083790363954 ], [ -122.201436760720625, 44.864638496583986 ], [ -122.196784003008844, 44.865851537970428 ], [ -122.193753523987766, 44.866179015002878 ], [ -122.19171718568478, 44.866027061051724 ], [ -122.190778491683375, 44.865655062285185 ], [ -122.189998756735704, 44.864691038916995 ], [ -122.187175201712336, 44.86553704779503 ], [ -122.185870659765953, 44.865238344135726 ], [ -122.184041248531301, 44.865604961788151 ], [ -122.184144690146681, 44.8658643074004 ], [ -122.181583471892054, 44.866377532975243 ], [ -122.180064289351066, 44.867522142099517 ], [ -122.177868881131531, 44.867961987551453 ], [ -122.175522289384503, 44.867031732401131 ], [ -122.17322346506144, 44.867212148073456 ], [ -122.17071784309779, 44.866873811043575 ], [ -122.170145157520267, 44.866428381753259 ], [ -122.168681535820497, 44.866721506983573 ], [ -122.167639580174225, 44.866089987803932 ], [ -122.165603303553439, 44.865937637265723 ], [ -122.15995540552683, 44.86762857441078 ], [ -122.155310211962302, 44.866878114864562 ], [ -122.150919085742714, 44.867756958264799 ], [ -122.150139896981983, 44.866792698523454 ], [ -122.147793729011511, 44.865861960599759 ], [ -122.145232234085682, 44.86637449171581 ], [ -122.143824574950685, 44.865816002658512 ], [ -122.14079384056113, 44.866142282560915 ], [ -122.134947901822954, 44.865351344943242 ], [ -122.134534900976618, 44.864313812473306 ], [ -122.134065722591103, 44.864127614459662 ], [ -122.134431652752866, 44.864054429542449 ], [ -122.133708937449597, 44.862238751115925 ], [ -122.134074857738455, 44.862165567489178 ], [ -122.133661889869558, 44.861128039901928 ], [ -122.134027804176284, 44.861054856589767 ], [ -122.131644251238598, 44.857051118601056 ], [ -122.13274193191782, 44.856831584274943 ], [ -122.133633138751193, 44.856093283360948 ], [ -122.136194331001903, 44.855580985915047 ], [ -122.136719606212409, 44.854915854779875 ], [ -122.138914857754742, 44.854476696281957 ], [ -122.139074228409839, 44.853884753038145 ], [ -122.141166173509504, 44.853186185726102 ], [ -122.141062916809148, 44.852926814508905 ], [ -122.142788955091248, 44.852301424437741 ], [ -122.143314139627506, 44.85163627245278 ], [ -122.142797834608032, 44.850339429977275 ], [ -122.14316368039664, 44.850266223536934 ], [ -122.140319847163923, 44.844114611902953 ], [ -122.140685661846476, 44.844041413266424 ], [ -122.14037594172045, 44.843263314983176 ], [ -122.141004319881091, 44.842857551406098 ], [ -122.140797840176887, 44.842338821035781 ], [ -122.141585526101466, 44.841341127069498 ], [ -122.142682918468523, 44.841121519228864 ], [ -122.143208016915821, 44.840456384642053 ], [ -122.142898284141765, 44.839678298552691 ], [ -122.143264071939257, 44.839605093620186 ], [ -122.142072365047184, 44.837603405565908 ], [ -122.142438142478724, 44.837530203233847 ], [ -122.14223166806093, 44.837011481375939 ], [ -122.142756738935461, 44.836346354791452 ], [ -122.141978030151449, 44.835382116856181 ], [ -122.142343795628335, 44.835308915152268 ], [ -122.141827634374209, 44.834012117263555 ], [ -122.142352685866541, 44.833346996808586 ], [ -122.141733312572356, 44.831790846560523 ], [ -122.142099058823177, 44.831717646123487 ], [ -122.141789379016359, 44.830939572969321 ], [ -122.14215512058621, 44.830866372521228 ], [ -122.141535774652326, 44.829310230151549 ], [ -122.140597869156309, 44.828937911328829 ], [ -122.140185004475853, 44.827900482544756 ], [ -122.140550731295264, 44.827827286981616 ], [ -122.14013787414423, 44.826789860674715 ], [ -122.139668941499806, 44.826603698220659 ], [ -122.141243955653238, 44.824608392733886 ], [ -122.142969267039717, 44.823983040721949 ], [ -122.142762830036105, 44.823464335683617 ], [ -122.144440900342985, 44.821728358174965 ], [ -122.14423445891957, 44.821209658063019 ], [ -122.14633410880073, 44.818549209735949 ], [ -122.146127662545226, 44.818030516288459 ], [ -122.146858995372199, 44.817884095026741 ], [ -122.147908737438456, 44.816553862455031 ], [ -122.150158614421514, 44.815263312410714 ], [ -122.149435998647334, 44.813447920798829 ], [ -122.149960814888487, 44.812782801644218 ], [ -122.149651131327246, 44.812004780152456 ], [ -122.148816644677325, 44.811891873698322 ], [ -122.1475692875959, 44.81074159649836 ], [ -122.146472405715301, 44.810961229166367 ], [ -122.144493857069449, 44.809957342231968 ], [ -122.143293778526356, 44.809917605237501 ], [ -122.137809295054637, 44.811015502799542 ], [ -122.136140388729345, 44.810789537722499 ], [ -122.13248396130821, 44.811521300299752 ], [ -122.128621162246404, 44.811734251308344 ], [ -122.128358654227199, 44.812066768423719 ], [ -122.1286680923007, 44.812844839220453 ], [ -122.127777402877626, 44.813583034367724 ], [ -122.127983694300355, 44.814101750839093 ], [ -122.12640853314241, 44.816096852808862 ], [ -122.125311495187958, 44.81631631489811 ], [ -122.125152092502844, 44.816908191092601 ], [ -122.123689350581259, 44.817200792062842 ], [ -122.123792485701273, 44.817460155539464 ], [ -122.118775888615218, 44.818743507351108 ], [ -122.116328718934156, 44.817552953417206 ], [ -122.115597323415955, 44.817699207926452 ], [ -122.114190926375144, 44.817140469822604 ], [ -122.11341284813858, 44.816176108100464 ], [ -122.111687462457823, 44.816801068448456 ], [ -122.110749895941382, 44.816428551341957 ], [ -122.106727181856556, 44.817232732795816 ], [ -122.105377381806989, 44.815822673155182 ], [ -122.10313665826385, 44.815150638378199 ], [ -122.100829314045868, 44.817291626684991 ], [ -122.10103540941968, 44.817810388995404 ], [ -122.100510071296625, 44.818475324011615 ], [ -122.093823974763353, 44.819531310396584 ], [ -122.092417720029772, 44.818972341444969 ], [ -122.091423538268288, 44.819450916201419 ], [ -122.090486046911067, 44.819078255067986 ], [ -122.089023107501106, 44.819370479018708 ], [ -122.087936366705307, 44.817627792386503 ], [ -122.08757063814906, 44.817700842653359 ], [ -122.087055665581744, 44.816403885989708 ], [ -122.085752518891269, 44.816104241916356 ], [ -122.085546546358927, 44.815585458116239 ], [ -122.084243422200487, 44.815285799922727 ], [ -122.08299710456761, 44.814134912955438 ], [ -122.080653696927854, 44.8132031122841 ], [ -122.080241851247905, 44.81216553613762 ], [ -122.080607557712653, 44.812092506792659 ], [ -122.07952115181584, 44.810349780713842 ], [ -122.077589705543915, 44.810455506349555 ], [ -122.076013138260052, 44.81244999908931 ], [ -122.074024720113556, 44.813406884126252 ], [ -122.074127658315504, 44.81366628356038 ], [ -122.073030489869723, 44.813885316357826 ], [ -122.073179442444996, 44.815255330073306 ], [ -122.072391049080466, 44.816252562549671 ], [ -122.072596922394212, 44.8167713673541 ], [ -122.070505397403764, 44.817468806548227 ], [ -122.068985432103588, 44.818612028667047 ], [ -122.069191286409861, 44.8191308414847 ], [ -122.068299862667146, 44.81986865163379 ], [ -122.068608643156153, 44.820646874773239 ], [ -122.068082963040652, 44.821311686901545 ], [ -122.068391747636383, 44.822089913093514 ], [ -122.065625474338063, 44.822082053921072 ], [ -122.063625444257454, 44.825000672133378 ], [ -122.060801968343128, 44.825843942413861 ], [ -122.061476495264017, 44.82654921388152 ], [ -122.061110689626702, 44.826622193403992 ], [ -122.061419418040401, 44.827400445061102 ], [ -122.061053607720879, 44.827473424569156 ], [ -122.061773992672357, 44.829289349965251 ], [ -122.061408172483624, 44.829362330754954 ], [ -122.06161400129271, 44.829881167897959 ], [ -122.061979824074982, 44.829808186460177 ], [ -122.062963167069682, 44.831291713357103 ], [ -122.062174434909281, 44.832288922082668 ], [ -122.060814002242424, 44.83284026666 ], [ -122.059236414720871, 44.83483466347154 ], [ -122.05474322829221, 44.835450868519032 ], [ -122.054846125940543, 44.835710295769218 ], [ -122.0533826709934, 44.836002141630281 ], [ -122.053222589978219, 44.836593958592957 ], [ -122.049872507367184, 44.838101798019629 ], [ -122.049083501770085, 44.839098945167819 ], [ -122.048248848563219, 44.83898540540963 ], [ -122.046670745268955, 44.840979682230461 ], [ -122.045573042860028, 44.841198503781371 ], [ -122.044360722669637, 44.843119823610799 ], [ -122.04133052921334, 44.843443838133638 ], [ -122.040541334649603, 44.84444094714457 ], [ -122.040952766179402, 44.845478721479068 ], [ -122.040323761389473, 44.845884018195861 ], [ -122.040529478300485, 44.846402907257279 ], [ -122.038230998693521, 44.84658099978715 ], [ -122.036721796856853, 44.845761965824792 ], [ -122.034423329053013, 44.845939992801249 ], [ -122.031507904661467, 44.844561276472319 ], [ -122.029003839390072, 44.84422030909478 ], [ -122.023617497801837, 44.845573069689856 ], [ -122.02256485044488, 44.84690241522317 ], [ -122.019957963162639, 44.846301818586859 ], [ -122.01886008733473, 44.846520424009391 ], [ -122.017017737036127, 44.848846715563219 ], [ -122.015451066156032, 44.848878691723911 ], [ -122.015553833004844, 44.849138157069817 ], [ -122.01419267875643, 44.849689049499148 ], [ -122.013987154653506, 44.849170116142083 ], [ -122.01127750619797, 44.848309881364848 ], [ -122.01107200875478, 44.847790945173585 ], [ -122.011701207279188, 44.847385783980428 ], [ -122.010821502351646, 44.846161293907272 ], [ -122.011187468494185, 44.846088448427189 ], [ -122.010981978519581, 44.845569514730805 ], [ -122.012343075797773, 44.845018660088307 ], [ -122.012137580185666, 44.844499729431178 ], [ -122.012503535880683, 44.844426880634224 ], [ -122.011578833112637, 44.842091699298393 ], [ -122.01257391571157, 44.84161369247682 ], [ -122.014050295948095, 44.839360353577604 ], [ -122.015148070721253, 44.839141791122621 ], [ -122.014942571430126, 44.838622871724901 ], [ -122.015571661076621, 44.83821770084198 ], [ -122.015160664771642, 44.837179865831409 ], [ -122.014223348835344, 44.836806656187171 ], [ -122.013240998516721, 44.8353227532101 ], [ -122.011045553909199, 44.835759834192096 ], [ -122.009639647713641, 44.83519997603053 ], [ -122.009331481620933, 44.834421591373498 ], [ -122.008394236335093, 44.834048343309703 ], [ -122.006282285573789, 44.829710331502909 ], [ -122.004042089724081, 44.829036618629104 ], [ -122.003265450882793, 44.828071591824852 ], [ -122.001391214505887, 44.827325015416193 ], [ -122.000659464034555, 44.827470645666395 ], [ -122.000454111889397, 44.826951717857831 ], [ -121.996237278583962, 44.825271801677545 ], [ -121.995505539269971, 44.825417403104353 ], [ -121.995300233064796, 44.824898469823083 ], [ -121.995929312675784, 44.824493403806869 ], [ -121.99562135388129, 44.823715006606605 ], [ -121.995987214566753, 44.823642206352339 ], [ -121.994755434950008, 44.820528628130397 ], [ -121.993349981790445, 44.819968618507843 ], [ -121.991783970966424, 44.820000315963796 ], [ -121.990744396657263, 44.819367490614638 ], [ -121.990012709579275, 44.819513060092994 ], [ -121.98850469990704, 44.818693533870736 ], [ -121.986104420377103, 44.818611253155268 ], [ -121.981085121364245, 44.819889451958304 ], [ -121.980045649223896, 44.81925654376834 ], [ -121.979737897794607, 44.818478119343332 ], [ -121.97833261218419, 44.817917954823677 ], [ -121.974205671618961, 44.818458683739443 ], [ -121.970502746450933, 44.818075380834706 ], [ -121.969258320251697, 44.816923429412959 ], [ -121.964413713197857, 44.815647482497106 ], [ -121.955998931962853, 44.817319625475797 ], [ -121.956101421829629, 44.817579117692823 ], [ -121.955003806995379, 44.817797185774033 ], [ -121.954316121263744, 44.819053222330695 ], [ -121.947993578039501, 44.820029245323262 ], [ -121.948096041205105, 44.820288745260328 ], [ -121.945373773728946, 44.82138907436542 ], [ -121.94458341826477, 44.822385567810265 ], [ -121.94411505740031, 44.822198723317946 ], [ -121.94350036478626, 44.820641699793455 ], [ -121.943134463751917, 44.820714356238071 ], [ -121.941802744057938, 44.817340810303598 ], [ -121.941436859112926, 44.817413461567689 ], [ -121.940924701217313, 44.816115945648512 ], [ -121.940558821974861, 44.816188594312869 ], [ -121.939007680660552, 44.814257859350327 ], [ -121.938173521013965, 44.814143640634065 ], [ -121.937397996940291, 44.81317826501499 ], [ -121.934017716102858, 44.811610666766427 ], [ -121.933710531138289, 44.81083215023429 ], [ -121.933344672801496, 44.810904778327874 ], [ -121.933037498826863, 44.810126261499491 ], [ -121.932101014061701, 44.809752500655662 ], [ -121.931896243699555, 44.80923348881808 ], [ -121.930491548542335, 44.808672834386357 ], [ -121.929393995921785, 44.808890688268711 ], [ -121.926584684885029, 44.807769313793827 ], [ -121.925018926461576, 44.807800230100661 ], [ -121.923673118505377, 44.806388372774016 ], [ -121.923146120869617, 44.807052594035952 ], [ -121.916663039065213, 44.808618735300669 ], [ -121.914790303416169, 44.807870981046335 ], [ -121.908365944135696, 44.80858559073976 ], [ -121.908468237350931, 44.808845114213682 ], [ -121.907004733682243, 44.809135343631404 ], [ -121.907107022491033, 44.809394868468175 ], [ -121.90381408147438, 44.810047829803104 ], [ -121.903652749210025, 44.810639432464725 ], [ -121.901457399449541, 44.811074693535112 ], [ -121.901296044043818, 44.81166629473708 ], [ -121.899891552780815, 44.81110531640951 ], [ -121.895602994823875, 44.812235215956754 ], [ -121.891900859818819, 44.811849746440288 ], [ -121.890028309162702, 44.811101640600768 ], [ -121.888198767160802, 44.811464174966517 ], [ -121.884921921439485, 44.810154884007275 ], [ -121.880896899184918, 44.810952271909777 ], [ -121.879228861784881, 44.810723107515699 ], [ -121.877620220187026, 44.809642803890966 ], [ -121.873390820209224, 44.809920869538516 ], [ -121.871416377148222, 44.808912956431733 ], [ -121.864727660273857, 44.809957485597209 ], [ -121.863246934459212, 44.812209026237369 ], [ -121.861783163215051, 44.812498763856389 ], [ -121.861885283004156, 44.812758325170265 ], [ -121.858591740002453, 44.813410179933143 ], [ -121.856617416049716, 44.812402040763104 ], [ -121.853953661052728, 44.812649377328825 ], [ -121.853162056939084, 44.813645311319945 ], [ -121.853366234380829, 44.814164448513523 ], [ -121.852370429432753, 44.814641242885664 ], [ -121.849460087593542, 44.813258667901302 ], [ -121.844702518436435, 44.814199770091925 ], [ -121.843400495972503, 44.813897771451508 ], [ -121.841936602779739, 44.814187293349974 ], [ -121.840064541989165, 44.813438485335503 ], [ -121.839332594788161, 44.813583229885374 ], [ -121.837826551640575, 44.812762019970137 ], [ -121.831562885660333, 44.812881427462493 ], [ -121.831094904442836, 44.812694192112062 ], [ -121.831358880030507, 44.812362258569095 ], [ -121.831052877477958, 44.811583505793479 ], [ -121.832210749782064, 44.810515356276319 ], [ -121.831802746006758, 44.809477026337859 ], [ -121.832168705790124, 44.809404675798632 ], [ -121.831964706016379, 44.808885511923023 ], [ -121.832492616196831, 44.808221646876078 ], [ -121.832186619342849, 44.80744290400451 ], [ -121.832552567671314, 44.807370552750534 ], [ -121.831838593407653, 44.805553490927757 ], [ -121.82689543697775, 44.80401302693862 ], [ -121.82581572367539, 44.802268281801616 ], [ -121.82404613040994, 44.801778852474548 ], [ -121.82327238335148, 44.800812844056836 ], [ -121.821502846754257, 44.800323382748019 ], [ -121.820405078604935, 44.800540339534948 ], [ -121.820669059233353, 44.800208436200371 ], [ -121.819853544509868, 44.798131755753829 ], [ -121.820381489736292, 44.797467954607164 ], [ -121.819769880488536, 44.795910452170851 ], [ -121.820135779542809, 44.795838136722537 ], [ -121.819931913474164, 44.795318970484793 ], [ -121.819566017018786, 44.795391285291338 ], [ -121.818852519598835, 44.793574203571517 ], [ -121.816513486044869, 44.792637830269484 ], [ -121.818625164040199, 44.789982704831019 ], [ -121.819356899483381, 44.789838081139173 ], [ -121.818643466461097, 44.788021021118929 ], [ -121.818277608226381, 44.788093331212991 ], [ -121.817300281381677, 44.786608159365834 ], [ -121.814655818961413, 44.784893030542733 ], [ -121.8143501339582, 44.784114288054191 ], [ -121.812479214449368, 44.783365145640971 ], [ -121.812071678764696, 44.782326819430267 ], [ -121.812701460626471, 44.781922653315362 ], [ -121.812497693863179, 44.78140349208919 ], [ -121.810038748842487, 44.782169099760132 ], [ -121.809469168722643, 44.781722219188168 ], [ -121.807639991397423, 44.782083629345301 ], [ -121.806236896037575, 44.781521707144236 ], [ -121.806764845253738, 44.780857984583996 ], [ -121.806255556533458, 44.779560062618032 ], [ -121.804384853307866, 44.778810814836916 ], [ -121.804181159974519, 44.778291644604394 ], [ -121.80005525516404, 44.778826960793907 ], [ -121.799444284423998, 44.777269431180635 ], [ -121.796842082791585, 44.776664592476891 ], [ -121.796536640794841, 44.775885823803094 ], [ -121.796902456104746, 44.775813575086147 ], [ -121.795416747159535, 44.773030344401384 ], [ -121.79318054574388, 44.772353195235389 ], [ -121.79161554995089, 44.772382550083684 ], [ -121.791453323742275, 44.772973966865308 ], [ -121.790457689514611, 44.773450256617664 ], [ -121.788953137852502, 44.772628572022384 ], [ -121.787489906958427, 44.772917472034386 ], [ -121.787286361487503, 44.772398283011121 ], [ -121.786087170221819, 44.772355350369331 ], [ -121.785050262674147, 44.77172099904756 ], [ -121.78368879227186, 44.772269452882668 ], [ -121.783119470380115, 44.771822470245418 ], [ -121.780660541311804, 44.772587521976625 ], [ -121.780762288436222, 44.772847121596534 ], [ -121.779928910117931, 44.772731928639374 ], [ -121.778201556455414, 44.773352529875183 ], [ -121.777937471981588, 44.773684329363306 ], [ -121.778344429869165, 44.774722739131938 ], [ -121.776210075598996, 44.774304906243444 ], [ -121.774116812924248, 44.77499764903898 ], [ -121.772896167164745, 44.771882382845867 ], [ -121.772530347472838, 44.771954565346363 ], [ -121.772123495809694, 44.770916144388011 ], [ -121.770558524239576, 44.770945253059857 ], [ -121.770355115066678, 44.770426040616627 ], [ -121.769521784446525, 44.770310783523747 ], [ -121.769785897112357, 44.769979003153772 ], [ -121.769175705575904, 44.76842136658663 ], [ -121.768342401740938, 44.768306102674671 ], [ -121.767935636566804, 44.767267677524416 ], [ -121.766533180339778, 44.766705358200582 ], [ -121.763606771053972, 44.767282644766823 ], [ -121.763098415399256, 44.765984598525428 ], [ -121.762265152058788, 44.765869297427699 ], [ -121.761960158201603, 44.765090468880501 ], [ -121.761594363646552, 44.765162620403125 ], [ -121.76139104092006, 44.764643401104124 ], [ -121.762122624050704, 44.764499098350733 ], [ -121.761817638035268, 44.763720271879542 ], [ -121.759744564513127, 44.762451210988537 ], [ -121.761898387011072, 44.760907739414264 ], [ -121.76139011227761, 44.759609705298125 ], [ -121.761755876937315, 44.759537555234402 ], [ -121.761552569923381, 44.759018342747588 ], [ -121.761918331202594, 44.758946192335991 ], [ -121.761715024720587, 44.758426980785835 ], [ -121.762243231187639, 44.757763468305306 ], [ -121.763706241436424, 44.757474854001124 ], [ -121.764600167304025, 44.756739177704816 ], [ -121.766164811857067, 44.756710139594894 ], [ -121.768034477508223, 44.757459883883584 ], [ -121.768339506997435, 44.758238685232563 ], [ -121.770371618019738, 44.758397029304554 ], [ -121.770981746488388, 44.759954625300772 ], [ -121.772444766864908, 44.759665914091528 ], [ -121.772505432762713, 44.758814940287074 ], [ -121.773135232117269, 44.758410981646342 ], [ -121.772830146478455, 44.757632190922379 ], [ -121.77392736922188, 44.75741564497924 ], [ -121.774719482949223, 44.756420305851371 ], [ -121.774678419189812, 44.755309743145773 ], [ -121.775572196695535, 44.754573997176131 ], [ -121.775165403034308, 44.75353562604495 ], [ -121.775531120021526, 44.753463439336336 ], [ -121.775652361263951, 44.751761514238659 ], [ -121.777480887676589, 44.751400565609565 ], [ -121.777379185526428, 44.751140976014668 ], [ -121.779735660410424, 44.750116434218889 ], [ -121.779633951519727, 44.74985684708485 ], [ -121.783392560783099, 44.749394403409056 ], [ -121.783290838909295, 44.749134819473838 ], [ -121.786581970627097, 44.748484910220355 ], [ -121.786480237852132, 44.748225329238181 ], [ -121.789405624644601, 44.747647567557593 ], [ -121.78930388226749, 44.747387989208669 ], [ -121.790766551680264, 44.747099085957394 ], [ -121.790664804893822, 44.74683950896204 ], [ -121.792025705390841, 44.746291015555279 ], [ -121.792086112275783, 44.745440058443045 ], [ -121.792451767266371, 44.745367826826886 ], [ -121.79224826673034, 44.744848677486409 ], [ -121.79261391834207, 44.744776445523115 ], [ -121.792410418342115, 44.744257297117223 ], [ -121.793405607972474, 44.74378102409198 ], [ -121.79356774687318, 44.743189643735896 ], [ -121.794299028504696, 44.743045172151248 ], [ -121.795354549249097, 44.741717934890943 ], [ -121.795151037385907, 44.741198794208934 ], [ -121.795780536695233, 44.740794745028786 ], [ -121.795577024338954, 44.740275606067797 ], [ -121.796572132883071, 44.739799313750495 ], [ -121.797363705712598, 44.738803880009947 ], [ -121.797424038569943, 44.73795293476276 ], [ -121.798784704870712, 44.737404383566748 ], [ -121.798581179626098, 44.73688525311362 ], [ -121.800367705693176, 44.735413498129013 ], [ -121.799960645987454, 44.734375246955437 ], [ -121.800326232584084, 44.734302995621157 ], [ -121.799715658729667, 44.732745622980133 ], [ -121.799248321645891, 44.732558310224988 ], [ -121.799775956509208, 44.731894688206992 ], [ -121.801238245229584, 44.731605680570127 ], [ -121.801927887852642, 44.730350678634593 ], [ -121.803552152325494, 44.729470274196338 ], [ -121.802881293446035, 44.728763861722101 ], [ -121.802150184962571, 44.72890837557145 ], [ -121.800179176639503, 44.727899596899597 ], [ -121.799448071733522, 44.728044095709613 ], [ -121.797477129052155, 44.72703527919424 ], [ -121.79627873743182, 44.726992442172033 ], [ -121.796075262868982, 44.726473319994135 ], [ -121.794775150685652, 44.726170908608239 ], [ -121.794571690167075, 44.725651785097085 ], [ -121.795728665418508, 44.724584157467376 ], [ -121.79552520234887, 44.724065037245154 ], [ -121.795890737838135, 44.723992799689888 ], [ -121.795687275304658, 44.723473680399451 ], [ -121.796214874155751, 44.722810085888334 ], [ -121.795095874856443, 44.719954943653462 ], [ -121.795725176338848, 44.719550913919086 ], [ -121.795683789369377, 44.718440449322806 ], [ -121.79631307320966, 44.718036418188731 ], [ -121.795601019516425, 44.716219528341867 ], [ -121.795966512431278, 44.716147291843981 ], [ -121.795763072967205, 44.715628181754305 ], [ -121.797345652167408, 44.713637428868957 ], [ -121.798442081012524, 44.713420703368115 ], [ -121.799964253067799, 44.712280824615 ], [ -121.803984346094936, 44.711486044771625 ], [ -121.804553297206212, 44.711932878298398 ], [ -121.805547924529392, 44.711456549408922 ], [ -121.803818282652117, 44.707044292858207 ], [ -121.804183717087412, 44.706972035394401 ], [ -121.803878505753076, 44.706193405021992 ], [ -121.801584182969705, 44.7063673840265 ], [ -121.800363510764299, 44.703252846926894 ], [ -121.799327530530832, 44.702618704245339 ], [ -121.798818975053123, 44.701320981427067 ], [ -121.797417631719753, 44.700759068483627 ], [ -121.796909126969879, 44.699461343771112 ], [ -121.796543725408853, 44.699533580160654 ], [ -121.796197253166426, 44.697644532214319 ], [ -121.794430617031523, 44.697154826639945 ], [ -121.793251772770674, 44.695150693128483 ], [ -121.793880854067666, 44.694746694369897 ], [ -121.793839512641497, 44.693636290496691 ], [ -121.795259634158143, 44.692236972362508 ], [ -121.795056272181895, 44.691717888804803 ], [ -121.797165637521644, 44.689063701694771 ], [ -121.798525320634184, 44.688515212880731 ], [ -121.79921457353548, 44.687260345324724 ], [ -121.800310568021374, 44.6870436172197 ], [ -121.800837836753331, 44.686380058263431 ], [ -121.80043106543701, 44.685341921883214 ], [ -121.800796386031521, 44.685269677152725 ], [ -121.800389622042516, 44.684231543201427 ], [ -121.800754936673187, 44.684159298761926 ], [ -121.800246492800113, 44.68286163453817 ], [ -121.800611800171708, 44.682789390708827 ], [ -121.800306739342901, 44.682010793995453 ], [ -121.800672042046486, 44.681938550137758 ], [ -121.800487469861054, 44.679458281824893 ], [ -121.80127827761433, 44.678462958657761 ], [ -121.800811311887799, 44.678275673979321 ], [ -121.800302911235377, 44.676978026877421 ], [ -121.799937634974086, 44.677050268933641 ], [ -121.799143082571419, 44.67301285807801 ], [ -121.800988134511471, 44.670690485154289 ], [ -121.800479787567738, 44.669392860493929 ], [ -121.800845021828394, 44.669320618180528 ], [ -121.800600249224743, 44.667691231478841 ], [ -121.801127364011535, 44.667027699799092 ], [ -121.800110739451924, 44.664432474324919 ], [ -121.800739493579215, 44.664028470794626 ], [ -121.800231201559797, 44.662730864283247 ], [ -121.801387009490099, 44.661663336859682 ], [ -121.801183692482269, 44.661144297734772 ], [ -121.801710750438318, 44.660480773345782 ], [ -121.800999158335216, 44.658664144118461 ], [ -121.801364334020988, 44.658591902097911 ], [ -121.800957721971429, 44.657553831097282 ], [ -121.801322891698092, 44.65748158936676 ], [ -121.801119587771666, 44.656962554931695 ], [ -121.800754420633893, 44.657034796024384 ], [ -121.800712989293075, 44.655924486916092 ], [ -121.799414214283416, 44.655622167916064 ], [ -121.799109289962942, 44.654843615208868 ], [ -121.798744132131418, 44.654915850474417 ], [ -121.798439218723829, 44.654137297451136 ], [ -121.799067887010452, 44.653733310953157 ], [ -121.798924849201001, 44.652363493180971 ], [ -121.799289993040304, 44.652291257828132 ], [ -121.797645025410532, 44.650100081898081 ], [ -121.798010158382567, 44.650027850400285 ], [ -121.797705275500448, 44.649249304085743 ], [ -121.79807040380895, 44.649177072558722 ], [ -121.797562274819626, 44.647879498382089 ], [ -121.798352755977348, 44.646884261884054 ], [ -121.799082984860021, 44.646739795060228 ], [ -121.799609951057747, 44.646076300009028 ], [ -121.799406694619989, 44.645557276007509 ], [ -121.799771801152019, 44.645485040421271 ], [ -121.799425515852661, 44.643596226540026 ], [ -121.798390459282885, 44.642962160253646 ], [ -121.798755552875178, 44.642889927854796 ], [ -121.798002848531937, 44.639963082335079 ], [ -121.800091682608013, 44.63927017451087 ], [ -121.801408908260186, 44.63761145210708 ], [ -121.802869149365435, 44.63732248702722 ], [ -121.802767521405201, 44.637062982462318 ], [ -121.804126112489428, 44.636514499671513 ], [ -121.803922850123982, 44.635995493444447 ], [ -121.804287900150726, 44.635923247044275 ], [ -121.803678124031677, 44.634366231969928 ], [ -121.805928493346229, 44.633081993071364 ], [ -121.805725227461821, 44.632562993495867 ], [ -121.807042184032298, 44.630904240017649 ], [ -121.80673728337193, 44.63012574702023 ], [ -121.807730691062488, 44.629649488031902 ], [ -121.807527421660936, 44.629130495105237 ], [ -121.808419172519251, 44.628394735953272 ], [ -121.808114267317663, 44.62761625038133 ], [ -121.808479267588908, 44.627543993864528 ], [ -121.8076662110565, 44.625468037983822 ], [ -121.808031200201881, 44.625395783030697 ], [ -121.80762468549905, 44.624357808052309 ], [ -121.807989668691405, 44.62428555338839 ], [ -121.807421432831333, 44.623838820984815 ], [ -121.80778641343764, 44.623766566958025 ], [ -121.807583161306226, 44.623247580808751 ], [ -121.80867809068323, 44.623030814728949 ], [ -121.809569748509688, 44.622295057737432 ], [ -121.809426564363193, 44.620925345796771 ], [ -121.809791527087867, 44.620853086756043 ], [ -121.809588268319629, 44.620334106967555 ], [ -121.809953227677966, 44.620261847578824 ], [ -121.809749969446301, 44.619742868708038 ], [ -121.810276620368953, 44.619079370933513 ], [ -121.809971735802051, 44.618300905485285 ], [ -121.811551617295464, 44.616310412487614 ], [ -121.8110850525795, 44.616123189286292 ], [ -121.810272053409889, 44.614047301170579 ], [ -121.806682869320028, 44.613919133713303 ], [ -121.80647965528243, 44.613400157072007 ], [ -121.805648199210864, 44.613285164873126 ], [ -121.804835401197678, 44.611209256572103 ], [ -121.803334286265112, 44.610388029275839 ], [ -121.802604459262938, 44.610532507801217 ], [ -121.801893369049409, 44.608716082525007 ], [ -121.802156691404122, 44.608384357255936 ], [ -121.801791787853659, 44.60845659347946 ], [ -121.800411127394426, 44.60593393892205 ], [ -121.799579773506025, 44.605818910846459 ], [ -121.799071941516573, 44.604521465733846 ], [ -121.7998017111575, 44.604377008396476 ], [ -121.800226772335094, 44.603454084708268 ], [ -121.800956527982066, 44.603309621400967 ], [ -121.80071199174391, 44.601680471059105 ], [ -121.801076859863471, 44.601608238852592 ], [ -121.800670595031363, 44.600570296712434 ], [ -121.800305732081014, 44.600642527646066 ], [ -121.800001045522478, 44.599864070817972 ], [ -121.798703350903239, 44.599561782066523 ], [ -121.797932280382483, 44.598596061474105 ], [ -121.795701823898625, 44.597919216110284 ], [ -121.794381849128911, 44.594545882260057 ], [ -121.794017011979051, 44.594618095073884 ], [ -121.793813953215846, 44.594099121042959 ], [ -121.795758566955598, 44.592036708051758 ], [ -121.795717257502531, 44.590926555506485 ], [ -121.797033648479399, 44.589268051566066 ], [ -121.796729050870979, 44.588489606570057 ], [ -121.797093852046672, 44.588417387314884 ], [ -121.796950992433395, 44.587047763315709 ], [ -121.79757904572179, 44.586643843154043 ], [ -121.797375983566056, 44.586124883546297 ], [ -121.797902494027923, 44.58546148320314 ], [ -121.797496374971345, 44.584423567917327 ], [ -121.798124400620623, 44.584019647497477 ], [ -121.797921342160947, 44.583500691680506 ], [ -121.798447826832771, 44.582837292973998 ], [ -121.798143241915326, 44.582058862090726 ], [ -121.800230285505492, 44.581366039768881 ], [ -121.799316510109819, 44.579030768645104 ], [ -121.798850236547935, 44.578843517953402 ], [ -121.799741418554405, 44.578107897435146 ], [ -121.799436840049637, 44.577329477500378 ], [ -121.800226468790441, 44.576334383406184 ], [ -121.799718845854045, 44.575037024032845 ], [ -121.799354119679478, 44.575109248354941 ], [ -121.799617323604608, 44.574777552365163 ], [ -121.799008206471939, 44.573220723807481 ], [ -121.800993444616395, 44.57226843206417 ], [ -121.800790399428124, 44.571749493852984 ], [ -121.801418287673684, 44.571345569068079 ], [ -121.800158692529521, 44.567121860283166 ], [ -121.800888056210908, 44.566977408763925 ], [ -121.801576026532729, 44.565722863355475 ], [ -121.803196341683147, 44.564842782138179 ], [ -121.801978149649898, 44.561729227206527 ], [ -121.802342800853594, 44.561656997815369 ], [ -121.802038266501498, 44.560878611579852 ], [ -121.802402913053953, 44.560806382157573 ], [ -121.802199891466117, 44.560287458978948 ], [ -121.80282766486431, 44.559883537601465 ], [ -121.802624642787663, 44.559364616105078 ], [ -121.803150893409224, 44.558701233596466 ], [ -121.802804958103366, 44.556812786028964 ], [ -121.803169581912925, 44.556740555149034 ], [ -121.802865060184502, 44.55596217908014 ], [ -121.803229679343474, 44.555889948169032 ], [ -121.803188269332949, 44.554779885014732 ], [ -121.805860664341836, 44.552573037422412 ], [ -121.806954455064442, 44.552356318789258 ], [ -121.806751423919778, 44.5518374120144 ], [ -121.807379091694344, 44.551433476626052 ], [ -121.806788587291095, 44.547916120611987 ], [ -121.807840818366728, 44.546589354496085 ], [ -121.811283370027724, 44.545347987279705 ], [ -121.812335472976159, 44.544021193103802 ], [ -121.814056657995764, 44.543400465678559 ], [ -121.814319666428148, 44.543068763487042 ], [ -121.81381202284507, 44.541771551073431 ], [ -121.814804083162443, 44.541295331046904 ], [ -121.81585605400987, 44.539968520733098 ], [ -121.815652991761027, 44.53944964136965 ], [ -121.816280491421395, 44.539045674947204 ], [ -121.816077428687137, 44.538526797261561 ], [ -121.816603385252051, 44.537863391610216 ], [ -121.816257180961458, 44.53597506387343 ], [ -121.816621678079116, 44.535902799518233 ], [ -121.815809473103911, 44.533827306536303 ], [ -121.815444986302396, 44.533899568351124 ], [ -121.815038907662981, 44.53286182221661 ], [ -121.814674425240625, 44.532934081777569 ], [ -121.813802374155614, 44.531709156035859 ], [ -121.814166850909402, 44.531636899046113 ], [ -121.813516223726438, 44.528970283862208 ], [ -121.814042131107712, 44.528306901952938 ], [ -121.813230096467322, 44.526231427216103 ], [ -121.813857487989466, 44.525827483677737 ], [ -121.810549819457478, 44.518376190388821 ], [ -121.809516574094772, 44.517742382725757 ], [ -121.809110683356266, 44.51670465461482 ], [ -121.813220536537557, 44.516169368592756 ], [ -121.813746347319096, 44.515506006096757 ], [ -121.81483951357238, 44.515289240185901 ], [ -121.815365301640952, 44.514625872565638 ], [ -121.814493474010561, 44.51340099953709 ], [ -121.815545017277003, 44.512074271270642 ], [ -121.817205478691051, 44.512304077020964 ], [ -121.818441715538981, 44.51345666361658 ], [ -121.819433328126635, 44.512980438201595 ], [ -121.820383261220627, 44.511394251818125 ], [ -121.821476339779153, 44.511177433467168 ], [ -121.822527711569947, 44.509850656520797 ], [ -121.823620758320558, 44.509633821326069 ], [ -121.825358997005665, 44.507052522635156 ], [ -121.826451989483445, 44.506835665555109 ], [ -121.826613272108361, 44.50624455223214 ], [ -121.827341923158286, 44.506099975231429 ], [ -121.828918674541171, 44.504109760478123 ], [ -121.832460218417125, 44.503127369902209 ], [ -121.834036750007343, 44.501137107354296 ], [ -121.833994868217204, 44.500027184555812 ], [ -121.834783086925512, 44.499032052088658 ], [ -121.836138647879977, 44.498483408176597 ], [ -121.836299825990309, 44.497892293720668 ], [ -121.837028366414074, 44.497747666423976 ], [ -121.837452250342167, 44.496824837030857 ], [ -121.843823225023712, 44.493043793721974 ], [ -121.84513653358627, 44.491385166229371 ], [ -121.846957656475496, 44.49102347504617 ], [ -121.847076632634028, 44.489322463670582 ], [ -121.848652412863032, 44.487332087232481 ], [ -121.848449257138938, 44.486813316359573 ], [ -121.84907607307575, 44.486409241461558 ], [ -121.848932377123631, 44.485039974274741 ], [ -121.849296565057315, 44.484967628623522 ], [ -121.84842450548696, 44.483743054998307 ], [ -121.845265846983111, 44.482693121661427 ], [ -121.843683034049533, 44.479652830757935 ], [ -121.843318868711833, 44.479725160267677 ], [ -121.842912687787987, 44.478687619381169 ], [ -121.843539461530341, 44.478283577493919 ], [ -121.843234828621931, 44.477505424624042 ], [ -121.843861589495276, 44.477101382241244 ], [ -121.84365850118958, 44.476582615392175 ], [ -121.844708900933711, 44.475255761854072 ], [ -121.843752999449976, 44.471811475196809 ], [ -121.844117121753413, 44.471739145721294 ], [ -121.843914047576035, 44.471220385183884 ], [ -121.847191090132966, 44.47056938139098 ], [ -121.847089542632062, 44.470310004074662 ], [ -121.849071086829028, 44.469357208599 ], [ -121.849232082683656, 44.468766115253636 ], [ -121.852144861449887, 44.468187336052303 ], [ -121.85204329854281, 44.46792796382131 ], [ -121.853499664103325, 44.467638551906994 ], [ -121.855260739140206, 44.468127233551009 ], [ -121.859993850904218, 44.467186472796392 ], [ -121.860095443158613, 44.467445838564544 ], [ -121.861551763919408, 44.467156339042326 ], [ -121.86207672046443, 44.466492855721825 ], [ -121.865353359472365, 44.465841412345732 ], [ -121.866911239147001, 44.465811216087801 ], [ -121.868308296635306, 44.466372114435309 ], [ -121.868918045625179, 44.467928269336468 ], [ -121.869951086608069, 44.468561549667797 ], [ -121.871610665213325, 44.4687906572793 ], [ -121.872584595891965, 44.470274398144269 ], [ -121.873617706974656, 44.470907653242264 ], [ -121.874345877227043, 44.470762830571111 ], [ -121.875379012238952, 44.471396072687561 ], [ -121.87564144047397, 44.471064300973666 ], [ -121.877199435741531, 44.471033984230765 ], [ -121.878596686247491, 44.47159478105776 ], [ -121.882237490039046, 44.47087049146387 ], [ -121.884100547001694, 44.471618146846815 ], [ -121.885556854813132, 44.471328382702829 ], [ -121.885091084687303, 44.471141476384389 ], [ -121.884582624666081, 44.469844733228243 ], [ -121.886156848784267, 44.467853996670506 ], [ -121.88724901348202, 44.467636659941597 ], [ -121.887773721891691, 44.466973074844802 ], [ -121.887468631495807, 44.466195041787152 ], [ -121.887832676849669, 44.466122593868896 ], [ -121.887629284576676, 44.465603906126027 ], [ -121.888153973504885, 44.464940322401198 ], [ -121.890134782449167, 44.463986927955105 ], [ -121.892361769844484, 44.464662002054119 ], [ -121.894181921421435, 44.464299687055025 ], [ -121.894749390526087, 44.46474589678644 ], [ -121.896467804199148, 44.464124212860689 ], [ -121.898330832639687, 44.464871658784524 ], [ -121.902961366225455, 44.46367004545472 ], [ -121.90446043585591, 44.464489893990127 ], [ -121.905916503164192, 44.464199911998428 ], [ -121.908143654893337, 44.464874722924101 ], [ -121.909963727703257, 44.464512192428515 ], [ -121.910997100398575, 44.465145150254564 ], [ -121.914010989571011, 44.464824350272899 ], [ -121.916704059782973, 44.465685822269613 ], [ -121.918160100356317, 44.465395705899915 ], [ -121.922818434640376, 44.467263521737294 ], [ -121.923022101491128, 44.467782157621727 ], [ -121.923750132341851, 44.467637066274072 ], [ -121.924783681621605, 44.468269921499484 ], [ -121.925875728932056, 44.468052268358676 ], [ -121.927273320925266, 44.468612551745231 ], [ -121.927477025963043, 44.469131182315657 ], [ -121.929238673291664, 44.469618888764536 ], [ -121.930417613820907, 44.471620840076099 ], [ -121.93015545192425, 44.4719527198788 ], [ -121.93248497800802, 44.472886450778141 ], [ -121.932790615918947, 44.473664391868127 ], [ -121.935120237252391, 44.474598080154784 ], [ -121.935848315469897, 44.474452920678367 ], [ -121.937348022106377, 44.475272418382879 ], [ -121.938440141974624, 44.475054659145911 ], [ -121.939007992917908, 44.475500690758921 ], [ -121.940566061557291, 44.475469633706702 ], [ -121.941599887624633, 44.476102369185121 ], [ -121.943623933211811, 44.476257987336751 ], [ -121.944555869501428, 44.476631393702753 ], [ -121.944759731082314, 44.477150006726518 ], [ -121.945851857396278, 44.476932185947611 ], [ -121.947977881372964, 44.477347044062242 ], [ -121.949798076028699, 44.476983960463301 ], [ -121.952856123591459, 44.477772105033537 ], [ -121.962408788970379, 44.478103105665006 ], [ -121.965933079111636, 44.47907759177086 ], [ -121.969311353300156, 44.478682868917872 ], [ -121.971539613059036, 44.479356642029593 ], [ -121.9722097588823, 44.480061823991932 ], [ -121.974131944420691, 44.479957693355914 ], [ -121.978996964116348, 44.482342178538794 ], [ -121.979725031457079, 44.482196777230243 ], [ -121.980759326245561, 44.482829218280976 ], [ -121.983613817931897, 44.483098102511917 ], [ -121.986308500383615, 44.483958202567337 ], [ -121.989322869328731, 44.48363568823153 ], [ -121.992745708249174, 44.484350200947461 ], [ -121.996283835241826, 44.483363506268851 ], [ -121.997216159733867, 44.483736550389033 ], [ -121.99742044617696, 44.484255090721938 ], [ -121.998352789214323, 44.484628127609511 ], [ -121.998659237150989, 44.485405937075676 ], [ -121.999023266563128, 44.485333182793077 ], [ -121.999227571669763, 44.485851722125453 ], [ -121.998863539688344, 44.485924477045963 ], [ -121.999987259601909, 44.488776451548681 ], [ -122.000351305714901, 44.488703693119476 ], [ -122.001270794922348, 44.491037129810145 ], [ -122.001998907925881, 44.490891604263759 ], [ -122.001794566372453, 44.490373063595683 ], [ -122.002944250831519, 44.489304196588698 ], [ -122.003001777919053, 44.48845362487144 ], [ -122.006016267476269, 44.488130730315575 ], [ -122.006686859353479, 44.488835752258872 ], [ -122.008551784045181, 44.489581697605608 ], [ -122.00927986573366, 44.489436132784064 ], [ -122.012077335868369, 44.490554988549299 ], [ -122.012895038201606, 44.492629090597134 ], [ -122.01362314333123, 44.492483501129897 ], [ -122.01559047214262, 44.49348861673996 ], [ -122.015999388600704, 44.494525662977374 ], [ -122.017034210732064, 44.495157839430689 ], [ -122.01821619298569, 44.497159123021682 ], [ -122.017852120601077, 44.497231931504253 ], [ -122.018158849727484, 44.498009717111124 ], [ -122.015961868376635, 44.500407010540975 ], [ -122.016779808823884, 44.502481132477904 ], [ -122.017712509686149, 44.502854048608363 ], [ -122.018121515260873, 44.503891109119998 ], [ -122.020817464192021, 44.504750550392842 ], [ -122.022101998440291, 44.507011105467456 ], [ -122.02339891250395, 44.507311163816269 ], [ -122.024172157959214, 44.508275390336557 ], [ -122.026982843378875, 44.507433482802625 ], [ -122.028746204211373, 44.507919914749806 ], [ -122.030930901453033, 44.507482860805581 ], [ -122.033058406133705, 44.507896389995523 ], [ -122.03384378720601, 44.506900067223782 ], [ -122.037382493630375, 44.505912235221132 ], [ -122.037906025784125, 44.505248006178519 ], [ -122.04263918568148, 44.504300691867584 ], [ -122.04274153358692, 44.50455993859385 ], [ -122.044823676319695, 44.503863413912967 ], [ -122.046120630769124, 44.50416324944505 ], [ -122.04757694304098, 44.503871696833166 ], [ -122.047474577651755, 44.503612454197309 ], [ -122.049556642510424, 44.502915857091928 ], [ -122.049715966503015, 44.502324480764401 ], [ -122.053356585993228, 44.501595474575765 ], [ -122.056928946883858, 44.503677462430609 ], [ -122.060046269556423, 44.503612572023144 ], [ -122.062378675811644, 44.504544096910742 ], [ -122.063937355241606, 44.50451159710169 ], [ -122.065336842019477, 44.50507047697765 ], [ -122.067987714491352, 44.504819109176843 ], [ -122.06902317958739, 44.505450896304602 ], [ -122.075826965306234, 44.505765954823303 ], [ -122.075622013131323, 44.505247510871683 ], [ -122.076350118913496, 44.505101575242456 ], [ -122.077134830062917, 44.504105003798962 ], [ -122.077657957988706, 44.503440621455077 ], [ -122.077612079040634, 44.502330773284854 ], [ -122.077976114486887, 44.502257800988545 ], [ -122.077668678642183, 44.501480145951241 ], [ -122.078191781035642, 44.500815765248262 ], [ -122.077884349263755, 44.500038113107856 ], [ -122.078248372083351, 44.499965140426973 ], [ -122.077940943525476, 44.49918748983233 ], [ -122.078304961708412, 44.499114517129925 ], [ -122.077895062819934, 44.498077651861259 ], [ -122.078259075082542, 44.49800467945726 ], [ -122.07774671271585, 44.496708600934596 ], [ -122.078008246372477, 44.496376413959354 ], [ -122.079725776436675, 44.495752328383702 ], [ -122.07978234396991, 44.494901712124388 ], [ -122.082022829362117, 44.493613220199734 ], [ -122.083330307222042, 44.49195225164879 ], [ -122.085616628973185, 44.491773526018882 ], [ -122.08551413618531, 44.491514319287269 ], [ -122.086970006459396, 44.491222344752394 ], [ -122.086867509322943, 44.490963139365519 ], [ -122.088687323083761, 44.490598150716657 ], [ -122.090097085187935, 44.489196329434364 ], [ -122.089892073884755, 44.488677925772556 ], [ -122.090256022656092, 44.488604922112209 ], [ -122.087591128113985, 44.481865706361184 ], [ -122.087955042738685, 44.48179271003773 ], [ -122.087237652813386, 44.479978315494812 ], [ -122.089067556012751, 44.477652953719975 ], [ -122.090682018799299, 44.476769556152547 ], [ -122.090477040651521, 44.476251167128005 ], [ -122.092306731824308, 44.47392577939042 ], [ -122.093762194539238, 44.473633741704894 ], [ -122.092260632732291, 44.472816006198912 ], [ -122.091133291121423, 44.469964907084709 ], [ -122.091497137953894, 44.469891902950735 ], [ -122.090984734926224, 44.468595952974908 ], [ -122.091348574561508, 44.46852294945873 ], [ -122.090426287004618, 44.466190246421107 ], [ -122.090062458911248, 44.466263247059821 ], [ -122.089345177060423, 44.464448923826879 ], [ -122.089708996177208, 44.464375925425976 ], [ -122.089504063001968, 44.463857548575326 ], [ -122.088105228654072, 44.463298971244726 ], [ -122.08790031101789, 44.462780593116584 ], [ -122.086603964377957, 44.462481190045622 ], [ -122.08920704930209, 44.461119676090647 ], [ -122.089888599875493, 44.459863936643885 ], [ -122.091605094249829, 44.459239746738106 ], [ -122.093434286996356, 44.456914427634082 ], [ -122.093229347884517, 44.456396064720096 ], [ -122.094377011647964, 44.45532648779507 ], [ -122.094172070125268, 44.454808128075911 ], [ -122.094797121416278, 44.454402927828639 ], [ -122.094648525292854, 44.4530340230463 ], [ -122.095012277360311, 44.452961011950727 ], [ -122.094704869697324, 44.452183477832364 ], [ -122.095227424141186, 44.451519100134405 ], [ -122.094817554260018, 44.450482391934045 ], [ -122.095181292438326, 44.450409380772477 ], [ -122.094156659823611, 44.447817617921267 ], [ -122.093121841515824, 44.44718610334084 ], [ -122.09281448177363, 44.446408574380627 ], [ -122.093178200229687, 44.446335569311977 ], [ -122.092870843700766, 44.44555804188213 ], [ -122.09323455752785, 44.445485036791254 ], [ -122.092619857954134, 44.443929985563329 ], [ -122.089822984155703, 44.442812929456942 ], [ -122.086969770509796, 44.442546340409777 ], [ -122.08370693545308, 44.441242968417079 ], [ -122.080490109079633, 44.441049220034657 ], [ -122.079819222320126, 44.440344640760799 ], [ -122.077432237113854, 44.440264062848591 ], [ -122.075567912289273, 44.439519158445222 ], [ -122.07536316256359, 44.439000787191553 ], [ -122.076931059171059, 44.437007933753527 ], [ -122.076680488270881, 44.435379876905003 ], [ -122.077044164885791, 44.435306917540565 ], [ -122.076998342144861, 44.434197229983013 ], [ -122.079191015491404, 44.431799269823337 ], [ -122.079145159950727, 44.430689591225409 ], [ -122.0798724567194, 44.430543659518143 ], [ -122.079826590864627, 44.429433984096192 ], [ -122.080451493813158, 44.42902887283082 ], [ -122.080144361905411, 44.428251344525279 ], [ -122.082495588000853, 44.425262044152838 ], [ -122.085824536311449, 44.423754755540735 ], [ -122.085517366644041, 44.422977248262626 ], [ -122.085880967152519, 44.422904266708464 ], [ -122.084959488930409, 44.420571751145573 ], [ -122.085584279429341, 44.420166623396668 ], [ -122.085379511552787, 44.419648288699086 ], [ -122.0861066763471, 44.419502326386421 ], [ -122.086629063019316, 44.418838028258911 ], [ -122.08881051383068, 44.41840010985895 ], [ -122.090730769150781, 44.418294313306923 ], [ -122.091662717731211, 44.418666645946757 ], [ -122.092753427631365, 44.418447650055612 ], [ -122.092651018472182, 44.418188489120112 ], [ -122.098206871344857, 44.41735253826829 ], [ -122.102252175044484, 44.417658953671072 ], [ -122.102149730739271, 44.417399800463812 ], [ -122.103501487987685, 44.416848538500801 ], [ -122.10532912787248, 44.414523264655422 ], [ -122.106680801852306, 44.41397197379424 ], [ -122.106373437191735, 44.413194530604372 ], [ -122.107939824363896, 44.411201421154715 ], [ -122.107530003879916, 44.41016484027196 ], [ -122.108881572995926, 44.409613532151162 ], [ -122.109403660100753, 44.408949158631536 ], [ -122.110494156196538, 44.408730022084328 ], [ -122.110391693867015, 44.408470880079868 ], [ -122.111482179068702, 44.408251735670355 ], [ -122.111379713683405, 44.407992594685879 ], [ -122.113560655243802, 44.407554281322859 ], [ -122.114343689434321, 44.406557697451426 ], [ -122.115434131059303, 44.406338521594058 ], [ -122.11600257015867, 44.406783734372652 ], [ -122.118024942124293, 44.406936684001224 ], [ -122.118695895319803, 44.407641021397069 ], [ -122.120354817087048, 44.407867004670024 ], [ -122.122535696528786, 44.407428544583432 ], [ -122.123104191438472, 44.407873728096597 ], [ -122.123831148529703, 44.40772756365822 ], [ -122.124502169917747, 44.408431872998378 ], [ -122.126524610259082, 44.408584694202361 ], [ -122.126729659459187, 44.409102953589027 ], [ -122.127559150253418, 44.409215898149569 ], [ -122.128230225137784, 44.409920190926499 ], [ -122.130150178380049, 44.409813828503324 ], [ -122.131184770921479, 44.410445005943672 ], [ -122.133524037295714, 44.409415006737923 ], [ -122.13342148584448, 44.409155882069705 ], [ -122.136226700456092, 44.40831185211588 ], [ -122.137009409975519, 44.407315133541431 ], [ -122.138099790435263, 44.407095771926166 ], [ -122.138779891425145, 44.405839926161583 ], [ -122.146728690985753, 44.403121377681344 ], [ -122.147669418226045, 44.401533241751586 ], [ -122.148657073668375, 44.401054687071579 ], [ -122.147361639729809, 44.400755913459498 ], [ -122.147053868295302, 44.399978585725044 ], [ -122.145395050676328, 44.399752938467749 ], [ -122.144313588428986, 44.398012305889019 ], [ -122.14348420686963, 44.397899468241327 ], [ -122.142561086110547, 44.395567473828223 ], [ -122.141731737393499, 44.395454625854121 ], [ -122.14142405461935, 44.394677293765923 ], [ -122.140492162676864, 44.394305327777964 ], [ -122.137667696118001, 44.388159797146301 ], [ -122.135748368151354, 44.388266263008838 ], [ -122.134714071693978, 44.387635150359962 ], [ -122.133987353607353, 44.38778136798485 ], [ -122.132589722999484, 44.387223346736128 ], [ -122.130409558830891, 44.387661952725324 ], [ -122.127465274359054, 44.385177149001819 ], [ -122.125443530416277, 44.385024349576391 ], [ -122.124772731003731, 44.384320079549227 ], [ -122.121977787323075, 44.38320383786543 ], [ -122.120887739085774, 44.383423056620451 ], [ -122.120319463828793, 44.382977886479047 ], [ -122.119126956734704, 44.382937970150785 ], [ -122.118670667184944, 44.380791936540525 ], [ -122.122304016734461, 44.380061237546599 ], [ -122.122462417323604, 44.379469928256363 ], [ -122.124074106306495, 44.378586309752713 ], [ -122.128247413454773, 44.373271159982558 ], [ -122.12763256562296, 44.37171650627014 ], [ -122.127269284668373, 44.371789593832084 ], [ -122.126859406895434, 44.370753157974548 ], [ -122.126496130270226, 44.370826243281542 ], [ -122.125834767299423, 44.368162072620343 ], [ -122.124903325421812, 44.367790018266327 ], [ -122.124754311292236, 44.366421396402444 ], [ -122.125378364856928, 44.366016128199036 ], [ -122.125490136612285, 44.364315324569986 ], [ -122.126896511932571, 44.36291348811902 ], [ -122.12669160116252, 44.362395279085717 ], [ -122.128200370055367, 44.361252538207907 ], [ -122.128051303734637, 44.359883938677484 ], [ -122.1287777355777, 44.359737761938327 ], [ -122.129299243626093, 44.359073379845505 ], [ -122.12909432609689, 44.358555178652288 ], [ -122.129457534166448, 44.358482088130771 ], [ -122.128274687306288, 44.356482376317039 ], [ -122.12444713458477, 44.354735123925984 ], [ -122.124242267254473, 44.354216919948151 ], [ -122.124763777280378, 44.35355256324339 ], [ -122.124456479189078, 44.352775260010127 ], [ -122.124819661294239, 44.352702183012248 ], [ -122.124512366416582, 44.351924881282372 ], [ -122.124875543906242, 44.351851804261337 ], [ -122.124670682013956, 44.351333604049387 ], [ -122.125452903656637, 44.350337072029298 ], [ -122.134010492515415, 44.349174182700558 ], [ -122.134168718859968, 44.34858289756243 ], [ -122.135621310877895, 44.348290480328195 ], [ -122.137343531004177, 44.345706012391524 ], [ -122.139885426994539, 44.345194214423721 ], [ -122.140919124208295, 44.345825231096143 ], [ -122.142371628031995, 44.345532741923527 ], [ -122.143777264765149, 44.344130782064916 ], [ -122.146942767943941, 44.343213513019407 ], [ -122.146737763514707, 44.342695356056417 ], [ -122.147622064490292, 44.341957789673593 ], [ -122.151253021147937, 44.341226360515513 ], [ -122.151150505077382, 44.340967286389457 ], [ -122.151876684455459, 44.340820989450435 ], [ -122.151932217968152, 44.339970620365627 ], [ -122.153645106488241, 44.339345789444259 ], [ -122.154789836549043, 44.338275955616993 ], [ -122.156865722481371, 44.337577928073273 ], [ -122.157796924684163, 44.337949735598201 ], [ -122.162414178651034, 44.336739442747145 ], [ -122.163819218738055, 44.335337296985173 ], [ -122.165634442242606, 44.334971378890231 ], [ -122.166415873141759, 44.333974640258702 ], [ -122.167504979303274, 44.333755071722095 ], [ -122.169272877098763, 44.332279685839517 ], [ -122.170361946789185, 44.332060094709782 ], [ -122.173013605127565, 44.329846959657743 ], [ -122.174828632060624, 44.329480920408614 ], [ -122.174726043688651, 44.329221870741847 ], [ -122.176178046024773, 44.328929023006772 ], [ -122.176075453333297, 44.328669974675471 ], [ -122.178561229059795, 44.329007815067406 ], [ -122.178971644552774, 44.33004400181558 ], [ -122.1808340946031, 44.330787289892825 ], [ -122.18150494654121, 44.331491199163089 ], [ -122.184566721596028, 44.330314014944577 ], [ -122.184464094766909, 44.330054972334317 ], [ -122.194209710596766, 44.328927591944208 ], [ -122.194004388255237, 44.32840952313542 ], [ -122.194627678111928, 44.328003962696577 ], [ -122.194422355373817, 44.327485895522429 ], [ -122.194785326572173, 44.327412631631184 ], [ -122.194580004420075, 44.326894565333951 ], [ -122.195100615245551, 44.326229971110898 ], [ -122.194689976421984, 44.325193842262131 ], [ -122.195052935064666, 44.325120577988869 ], [ -122.194902599284077, 44.323752156208407 ], [ -122.195888788823794, 44.323273329200767 ], [ -122.195683470773858, 44.322755269039739 ], [ -122.196669640305714, 44.322276437235743 ], [ -122.197347806470532, 44.321020514907033 ], [ -122.198436604434477, 44.320800699316052 ], [ -122.198128610572951, 44.320023619027786 ], [ -122.198388873506659, 44.319691319840203 ], [ -122.20264124532963, 44.318552950586607 ], [ -122.202538567270366, 44.318293928209272 ], [ -122.205907447746029, 44.317893350917679 ], [ -122.205804758212409, 44.317634331412037 ], [ -122.207256378240032, 44.31734115185094 ], [ -122.207153684391287, 44.317082133680998 ], [ -122.208502588606819, 44.316529922913794 ], [ -122.209796683091866, 44.316828049965352 ], [ -122.211974056660026, 44.316388210207279 ], [ -122.212590335658959, 44.317942295580423 ], [ -122.2122274343767, 44.31801560656664 ], [ -122.212432864435783, 44.318533636137104 ], [ -122.212795768267654, 44.318460324512564 ], [ -122.213412084921785, 44.320014412732846 ], [ -122.21444608209714, 44.320644825715561 ], [ -122.214856995171274, 44.32168088387494 ], [ -122.215685563268693, 44.321793259530153 ], [ -122.216664901831621, 44.323274022177372 ], [ -122.218527578905508, 44.324016772633783 ], [ -122.219616356297195, 44.323796782499976 ], [ -122.220698567206199, 44.32553653455512 ], [ -122.221890124157355, 44.325575537266459 ], [ -122.224321400702095, 44.326762894541595 ], [ -122.22597869517196, 44.326987525295202 ], [ -122.228416430756127, 44.326215049328745 ], [ -122.229710797553935, 44.326512988787684 ], [ -122.23307992565023, 44.326111717196277 ], [ -122.232977119900156, 44.325852714258403 ], [ -122.234428798305714, 44.325559233484725 ], [ -122.235106298025087, 44.324303110423969 ], [ -122.236195026221168, 44.324082984607742 ], [ -122.237434938471367, 44.325231224099461 ], [ -122.238160762947615, 44.325084461558816 ], [ -122.240592306699895, 44.326271520541042 ], [ -122.243132693672607, 44.32575777319564 ], [ -122.244064206113904, 44.326128968309739 ], [ -122.244269903917044, 44.326646957418106 ], [ -122.24649589063641, 44.327315922056087 ], [ -122.24855898696751, 44.330536018482533 ], [ -122.250888025520013, 44.331463908859426 ], [ -122.252702674779655, 44.331096807120232 ], [ -122.253537031754647, 44.329249173962296 ], [ -122.254262864376017, 44.329102322435283 ], [ -122.25494003211621, 44.327846089283213 ], [ -122.255665846683229, 44.327699230535671 ], [ -122.255460058651607, 44.327181257906645 ], [ -122.256185864977553, 44.327034396526756 ], [ -122.2568629764516, 44.32577815897141 ], [ -122.257588764724048, 44.325631290371383 ], [ -122.258265836205183, 44.324375049328488 ], [ -122.259354490355676, 44.324154734131973 ], [ -122.261954163223152, 44.32083050527396 ], [ -122.265116978368823, 44.319910472740496 ], [ -122.267445878535256, 44.320838053135745 ], [ -122.269260153863584, 44.320470733854961 ], [ -122.269157218514309, 44.320211761888039 ], [ -122.272216961847889, 44.319032590469519 ], [ -122.272114017391871, 44.318773621557874 ], [ -122.275016719679357, 44.318185799717803 ], [ -122.275796349379959, 44.317188454570967 ], [ -122.275590439520158, 44.316670524314162 ], [ -122.276213133478478, 44.316264592011009 ], [ -122.276007223240825, 44.315746663386619 ], [ -122.276889766531426, 44.315008280609469 ], [ -122.276683854940998, 44.314490354374584 ], [ -122.277046667616162, 44.31441686826318 ], [ -122.276325992896801, 44.312604130531199 ], [ -122.276585844210459, 44.312271683702612 ], [ -122.275188597946581, 44.311715245900729 ], [ -122.274776823879051, 44.310679395441852 ], [ -122.276438840135469, 44.30894369659719 ], [ -122.28333158795283, 44.30754732200311 ] ] ] } }
]
}
